ID,Subject,trial_number,Trial start,1st choice,2nd choice,3rd choice,4th choice,5th choice,6th choice,7th choice,8th choice,9th choice,condition,first_error_position,return_to_arm,Lag_from_last_choice,adjacent_arms,total_mistakes
1,Akido,1,325.8331283,340.8831188,363.0164383,383.1997589,396.9664169,424.6997328,444.7330535,463.3497085,477.0496998,#N/A,self-ordered,7,1,6,1,2
2,Akido,2,556.8663163,563.182979,573.2329727,585.7996314,593.1996268,608.6162837,622.5496083,639.1329312,660.7829176,#N/A,self-ordered,9,#N/A,#N/A,1,0
3,Akido,3,737.8328691,747.4661964,752.6328598,770.4995152,777.9161772,789.2161701,797.5494982,813.0328218,832.1161431,#N/A,self-ordered,6,1,5,1,1
4,Akido,4,926.6160836,933.6994125,942.3660737,953.2160669,959.0160633,965.5993924,973.5993874,980.4160498,989.3160442,#N/A,forced,5,3,2,0,4
5,Akido,5,1072.332659,1076.565989,1084.665984,1097.19931,1102.13264,1110.132635,1121.965961,1130.765955,1137.582618,#N/A,forced,9,#N/A,#N/A,0,0
6,Akido,6,1218.199234,1218.3659,1225.665895,1237.365888,1242.349218,1248.299215,1253.949211,1261.065873,1267.099203,1274.149198,forced,4,2,2,1,3
7,Albert,1,334.3333333,347.4,352.5833333,364.9166667,372,378.35,384.35,393.85,402.0166667,#N/A,self-ordered,6,1,5,1,2
8,Albert,2,497.0333333,501.95,508.1166667,513.3333333,518.2666667,522.1833333,528.5833333,535.3,539.6666667,546.7166667,self-ordered,7,2,5,2,2
9,Albert,3,644.2666667,652.1666667,655.3333333,660.5166667,668.5666667,673.5166667,677.35,681.2666667,685.5166667,689.85,self-ordered,5,1,4,1,2
10,Albert,4,822.5,829.4333333,839.35,849.1,852.3,862.3333333,869.4666667,881.2166667,889.75,#N/A,forced,8,1,7,2,1
11,Albert,5,1011.5,1013.366667,1019.783333,1030.133333,1034.083333,1038.7,1043.016667,1046.916667,1050.5,#N/A,forced,4,1,3,1,2
12,Albert,6,1163.433333,1164.466667,1175.15,1180.45,1183.9,1188.4,1192.433333,1196.266667,1200.316667,1204.316667,forced,5,2,3,2,3
13,Anubis3,1,306.0332842,323.4166147,348.5666107,360.1832755,371.1999404,385.7999381,398.399936,413.5166003,428.8665978,#N/A,self-ordered,6,1,5,1,3
14,Anubis3,2,639.0998974,664.31656,674.0332251,685.9332232,695.566555,704.6498869,714.6665519,723.0165506,737.333215,744.3165472,self-ordered,4,1,3,0,3
15,Anubis3,3,868.0998606,888.466524,901.066522,911.0998537,920.5498522,942.9498486,948.9165143,958.7498461,966.9498448,#N/A,self-ordered,6,3,3,1,2
16,Anubis3,4,1138.949817,1143.399816,1154.366481,1179.883144,1184.94981,1192.449809,1198.233141,1204.13314,1217.133138,#N/A,forced,3,2,1,1,2
17,Anubis3,5,1315.483122,1330.549786,1335.333119,1358.216449,1364.233114,1369.616447,1377.849779,1384.733111,1402.466442,1408.96644,forced,3,1,2,2,2
18,Anubis3,6,1524.649755,1530.033088,1540.033086,1565.449749,1575.98308,1581.999746,1587.349745,1593.999744,1600.533076,1609.683075,forced,6,2,4,1,2
19,Ava2,1,8.016659778,11.49999012,16.3666526,29.5166413,32.49997207,43.98329554,48.39995841,59.36661565,66.68327603,#N/A,forced,5,1,4,3,2
20,Ava2,2,159.833196,164.2998588,171.8498523,180.4165116,184.7665079,191.0165025,195.6664985,202.7831591,207.2164886,#N/A,forced,7,1,6,1,2
21,Ava2,3,299.7497424,305.4164042,311.7163988,319.616392,324.5663878,332.1830479,336.7830439,346.3830357,352.599697,#N/A,forced,8,4,4,1,1
22,Ava2,4,449.6996136,451.2496122,454.4496095,460.0996046,464.5996008,470.3662625,475.3162582,480.3995872,485.4329162,492.7162433,self-ordered,6,1,5,1,1
23,Ava2,5,599.0161519,603.0494818,608.0828108,612.7994734,618.4161353,623.7661307,629.0327928,635.832787,641.4161155,#N/A,self-ordered,6,2,4,2,2
24,Ava2,6,725.6993764,728.116041,732.6993704,737.3993664,745.6493593,751.0660213,756.5660165,763.1826775,770.7660043,#N/A,self-ordered,7,1,6,3,1
25,Blue5,1,385.6666667,388.2,398.7166667,401.25,408.3666667,413.6333333,422.4,433.7833333,444.6166667,459.35,self-ordered,5,2,3,1,3
26,Blue5,2,554.1,555.1833333,559.3,563.6,569.3833333,574.5333333,580.9,586.0333333,591.5333333,#N/A,self-ordered,3,1,2,4,1
27,Blue5,3,675.7333333,683.4833333,686.8833333,689.85,693.9,699.75,703.5166667,707.7666667,713.1666667,#N/A,self-ordered,7,1,6,4,2
28,Blue5,4,803.2333333,806.5833333,812.7666667,824.15,827.5166667,835.5833333,843.1833333,847.9166667,854.2,860.05,forced,5,3,2,3,1
29,Blue5,5,939.7333333,952.4666667,955.8166667,968.9666667,972.3,976.1,980.4,984.7666667,988.8166667,994.4,forced,7,1,6,2,1
30,Blue5,6,1123.716667,1126.066667,1132.316667,1147.433333,1150.9,1154.9,1160.3,1165.066667,1169.116667,1176.616667,forced,4,1,3,1,3
31,Chomsky,1,306.5831649,316.7831593,324.8831549,334.7331495,346.6164763,354.316472,369.5831303,387.0164541,398.4997811,#N/A,self-ordered,4,2,2,3,1
32,Chomsky,2,503.3663902,509.5330534,514.3163841,519.7330478,529.3830425,539.5497036,548.1330322,558.4663599,569.4163539,#N/A,self-ordered,6,1,5,1,1
33,Chomsky,3,666.9496336,672.6829638,678.6496272,685.3496235,693.8996188,702.2829475,712.2162754,720.8329374,728.9995995,#N/A,self-ordered,8,1,7,3,1
34,Chomsky,4,972.0661327,980.8161279,989.2161233,1008.666113,1013.199443,1021.549439,1032.632766,1039.932762,1046.682758,#N/A,forced,6,1,5,2,1
35,Chomsky,5,1189.299347,1195.599343,1202.699339,1213.416,1221.832662,1227.932659,1235.132655,1240.915985,1252.265979,#N/A,forced,6,1,5,2,2
36,Chomsky,6,1369.949247,1385.332572,1390.449236,1401.232564,1410.015892,1420.332553,1425.465884,1433.432546,1441.665875,1447.665871,forced,6,2,4,2,2
37,Dante4,1,243.2165407,255.6832009,272.199859,286.3665183,299.5998448,323.716499,341.9331562,362.366479,395.1997953,#N/A,self-ordered,7,1,6,4,2
38,Dante4,2,501.3497403,516.3497325,521.9163963,529.1663926,538.4663877,549.7330486,569.4663717,577.5663675,594.9330252,#N/A,self-ordered,9,#N/A,#N/A,2,0
39,Dante4,3,694.2163071,713.4496304,718.3996279,723.999625,729.8829552,738.4662841,744.4496144,755.9329418,768.7496018,#N/A,self-ordered,5,1,4,3,3
40,Dante4,4,884.832875,889.9162057,899.0662009,914.8995261,921.1995228,926.5828534,934.4495159,941.8495121,949.6661747,#N/A,forced,8,2,6,2,1
41,Dante4,5,1060.032784,1070.716112,1081.84944,1090.966102,1096.366099,1101.916096,1110.332758,1118.199421,1129.116082,#N/A,forced,7,3,4,2,1
42,Dante4,6,1217.666036,1233.916027,1240.932691,1252.816018,1259.716014,1266.432677,1275.449339,1285.782667,1294.532663,#N/A,forced,6,4,2,1,2
43,Diego6,1,324.2832472,331.9499118,342.1165758,354.1165726,360.116571,371.2832347,391.1832294,401.0498934,454.6332125,#N/A,forced,8,1,7,1,1
44,Diego6,2,563.4665169,568.7998489,575.1665138,583.9331782,588.4998436,594.8331753,620.6331684,631.2164989,638.7831636,#N/A,forced,4,1,3,2,2
45,Diego6,3,730.6331392,734.7164714,740.4498033,748.5331344,753.1331332,758.9331317,765.6997965,778.3664598,784.183125,796.3497884,forced,7,3,4,2,1
46,Diego6,4,874.7164342,885.9497646,891.4164298,897.3497616,916.4830898,924.5330877,930.0997529,952.349747,960.4664115,967.5330763,self-ordered,4,2,2,1,2
47,Diego6,5,1046.199722,1056.399719,1061.133051,1065.699717,1072.633048,1078.96638,1085.099712,1093.533043,1101.149707,1108.966372,self-ordered,9,#N/A,#N/A,2,0
48,Diego6,6,1201.799681,1213.649678,1219.333009,1224.649675,1230.41634,1236.449671,1243.14967,1251.116334,1260.899665,1268.21633,self-ordered,7,4,3,1,2
49,Ella3,1,384.95,397.9333333,421.5166667,442.2,467.4666667,493.2166667,518.1,542.6666667,561.7,#N/A,self-ordered,3,1,2,1,3
50,Ella3,2,644.0166667,655.35,669.1833333,680.05,686.35,697.8666667,706.65,722.3666667,730.5,736.0833333,self-ordered,6,1,5,1,1
51,Ella3,3,824.8333333,835.3,842.5833333,851.0166667,857.4666667,868.3333333,878.3333333,887.7333333,895,#N/A,self-ordered,5,1,4,2,3
52,Emil10,1,244.8832104,252.9165397,267.8831989,282.216525,338.9831632,352.01649,366.5664827,383.1498077,399.6831327,#N/A,forced,9,#N/A,#N/A,1,0
53,Emil10,2,491.6830866,496.7997507,507.999745,535.8497311,543.9663936,559.0997194,622.916354,634.9996813,663.6830002,#N/A,forced,8,1,7,3,1
54,Emil10,3,774.999611,781.1662746,798.1329327,809.8495935,829.1162505,838.2829126,847.7995745,864.7828993,901.3828809,#N/A,forced,5,2,3,3,2
55,Emil10,4,991.0828359,1002.299497,1014.199491,1024.099486,1035.216147,1050.032806,1068.249464,1099.949448,1114.366107,#N/A,self-ordered,5,1,4,1,4
56,Emil10,5,1393.299301,1490.582585,1501.749246,1520.199237,1529.482566,1540.549227,1589.849202,1610.999191,1620.13252,#N/A,self-ordered,7,5,2,1,1
57,Emil10,6,1703.299145,1729.415799,1737.999128,1764.165781,1775.332442,1811.515757,1824.699084,1836.549078,1856.365735,#N/A,self-ordered,6,1,5,1,2
58,Felix6,1,357.0165437,380.0332024,413.6831908,438.6165156,449.1998452,461.5165077,469.6331715,479.8998347,493.4331633,501.5498272,self-ordered,7,1,6,6,1
59,Felix6,2,640.366446,659.4831061,665.2164375,675.9497671,682.3997649,692.2497615,705.299757,712.7830878,723.0997509,#N/A,self-ordered,6,3,3,3,1
60,Felix6,3,822.5663833,832.5997132,837.8830447,843.2663761,850.2330404,857.7497045,865.4330352,879.5330303,886.3663613,#N/A,self-ordered,7,2,5,3,2
61,Felix6,4,1256.749567,1265.966231,1272.716228,1289.099556,1296.932887,1303.032884,1310.032882,1316.449546,1321.882878,#N/A,forced,6,2,4,3,1
62,Felix6,5,1419.782844,1428.949508,1440.999504,1456.166165,1462.466163,1491.416153,1511.382813,1529.049473,1530.599473,1536.582804,forced,6,1,5,4,2
63,Fendi,1,300.2,317.7166667,332.3666667,340.35,355.15,363.7833333,375.25,381.6666667,388.2833333,#N/A,self-ordered,6,2,4,1,3
64,Fendi,2,481.9,489.1666667,492.4333333,500.2166667,507.8,512.35,519.15,525.4666667,534.1333333,#N/A,self-ordered,8,1,7,5,1
65,Fendi,3,625.9666667,633.5333333,637.9833333,645.1333333,649.8833333,658.0166667,666.1166667,675.0166667,680.2833333,695.3166667,self-ordered,9,#N/A,#N/A,7,0
66,Fendi,4,897.2666667,911.6833333,917.1,927.6166667,930.9333333,937.5666667,942.3666667,948.3,953.3666667,958.5,forced,7,1,6,5,2
67,Fendi,5,1049.916667,1058.866667,1065.1,1075.316667,1079.666667,1085.783333,1089.95,1094.883333,1098.816667,1106.783333,forced,5,3,2,1,2
68,Fendi,6,1201.416667,1212.083333,1216.366667,1222.816667,1226.666667,1231.316667,1236.516667,1240.6,1246.916667,1252.533333,forced,4,1,3,2,2
69,Filou9,1,234.7666667,234.7666667,263.9833333,285.0833333,307.4333333,321.5166667,334.3166667,344.0333333,354.7,361.9833333,self-ordered,9,#N/A,#N/A,5,0
70,Filou9,2,465.1333333,465.4333333,469.0833333,474.1,478.0833333,483.9666667,489.3833333,493.1,497.7,501.6333333,self-ordered,7,1,6,3,2
71,Filou9,3,622.4166667,623.1666667,626.35,632.0333333,635.5333333,639.8,645.55,651.45,656.35,660.7666667,self-ordered,8,5,3,4,1
72,Filou9,4,820.4166667,806.7333333,813.7,820.4166667,824.5333333,828.15,832.7666667,836.3166667,843.6333333,847.0333333,forced,7,5,2,1,2
73,Filou9,5,976.1666667,958.1,967.0666667,976.1666667,979.7833333,984.1166667,987.9666667,991.8833333,995.6166667,999.7666667,forced,7,2,5,5,1
74,Filou9,6,1116.683333,1106.333333,1111.083333,1116.683333,1120.416667,1124.95,1128.766667,1136,1141.416667,1145.466667,forced,5,1,4,5,2
75,Freeda,1,359.65,368.7333333,393.5,421.4166667,439.8333333,463.5833333,477.2333333,508.1,528.3333333,#N/A,forced,6,3,3,2,2
76,Freeda,2,637.1,646.6333333,648.65,656.9166667,665.0166667,681.8,690.7833333,704.0833333,717.5333333,730.6166667,forced,6,3,3,1,3
77,Freeda,3,813.7,823.6166667,834.3166667,844.7666667,852.15,864.1333333,890.9333333,897.7833333,910.45,#N/A,forced,4,2,2,2,3
78,Freeda,4,1031.15,1040.35,1050.783333,1062.95,1070.533333,1081.7,1088.233333,1096.366667,1107.166667,#N/A,self-ordered,3,1,2,1,3
79,Freeda,5,1231.55,1237.433333,1250.883333,1260.766667,1266.383333,1272.583333,1279.733333,1285.6,1293.083333,#N/A,self-ordered,5,1,4,1,3
80,Freeda,6,1401.066667,1409.183333,1417.266667,1429.066667,1439,1445.433333,1452.8,1461.7,1467.95,1474.916667,self-ordered,4,1,3,1,3
81,Gandalf,1,242.816609,252.0332735,280.1999335,289.7999312,309.1499266,316.049925,335.466587,343.0165852,352.7332496,#N/A,self-ordered,6,2,4,1,1
82,Gandalf,2,582.2831951,591.383193,603.0498569,623.549852,631.7665167,643.016514,651.2665121,658.8331769,667.0498417,#N/A,self-ordered,7,2,5,2,1
83,Gandalf,3,776.0164825,791.0664789,797.4664774,803.6331426,810.1498077,818.483139,824.3331377,831.4998026,839.0831342,847.4997988,self-ordered,8,1,7,2,1
84,Gandalf,4,934.5164448,937.2497775,944.883109,952.6497739,959.7664388,965.8164374,974.483102,980.4331006,987.283099,993.9664307,forced,6,1,5,2,1
85,Gandalf,5,1089.683075,1095.34974,1104.216405,1111.533069,1117.849735,1124.0664,1128.983065,1135.933064,1142.166396,#N/A,forced,4,1,3,3,2
86,Gandalf,6,1230.583041,1234.916374,1242.116372,1248.333037,1256.199702,1263.283033,1269.483032,1275.866364,1284.049695,1290.199694,forced,7,1,6,2,2
87,Goofy2,1,243.383223,253.0832186,265.5998796,278.5498737,289.4998688,306.0831946,318.7165222,330.3498502,343.0498445,#N/A,forced,6,3,3,0,1
88,Goofy2,2,436.3331355,445.499798,456.8331262,476.399784,487.1664458,501.1331061,510.1331021,521.1164304,530.9830926,536.5497568,forced,3,1,2,0,4
89,Goofy2,3,630.3830476,633.0163797,643.2997084,663.999699,669.6163631,684.3163564,692.7663526,706.0996799,715.8996754,#N/A,forced,3,1,2,1,2
90,Goofy2,4,801.9496364,812.3496317,821.6662942,827.2329583,834.0662885,839.9996192,853.4662798,860.3329433,869.6829391,#N/A,self-ordered,4,1,3,0,1
91,Goofy2,5,953.6495677,970.54956,977.4662235,989.1662182,1001.049546,1022.966203,1038.099529,1044.099527,1052.816189,#N/A,self-ordered,3,1,2,1,3
92,Goofy2,6,1140.782816,1156.266142,1161.649473,1167.982804,1178.949466,1186.982795,1205.132787,1213.866116,1220.866113,1228.56611,self-ordered,7,1,6,1,2
93,Hero,1,299.5,314.5833333,348.5166667,376.7833333,414.0666667,433.8666667,479.0666667,490.9,506.5833333,#N/A,self-ordered,4,1,3,5,1
94,Hero,2,606.3833333,618.1333333,624.7666667,630.95,638.1166667,645.1333333,654.5333333,665.5666667,677.0666667,#N/A,self-ordered,9,#N/A,#N/A,7,0
95,Hero,3,764.5666667,775.4333333,781.35,788.7833333,795.2,810,816.8833333,827.2166667,836.1,843.15,self-ordered,8,1,7,3,1
96,Hero,4,1014.016667,1019.483333,1029,1042.566667,1049.166667,1058.05,1071.9,1079.883333,1086.283333,#N/A,forced,7,2,5,5,1
97,Hero,5,1178.95,1182.85,1195.716667,1210.133333,1215.916667,1222.466667,1235.266667,1242.283333,1254.016667,#N/A,forced,3,1,2,3,1
98,Hero,6,1343.083333,1349.483333,1361.366667,1375.45,1381.6,1390.233333,1398.783333,1406.316667,1415.783333,#N/A,forced,9,#N/A,#N/A,2,0
99,Honey,1,342.6332439,355.6332405,365.3665713,379.0332344,406.4165606,438.3998855,464.0998788,496.766537,561.4498534,#N/A,forced,8,1,7,2,1
100,Honey,2,649.9331637,656.0331621,663.2498268,670.7164916,693.149819,706.7664821,727.5664767,747.9164714,757.5664689,#N/A,forced,7,2,5,1,2
101,Honey,3,837.2497814,844.4164462,849.9831114,857.5664428,865.1164408,873.499772,881.7331031,891.3497673,899.5497651,#N/A,forced,7,3,4,4,2
102,Honey,4,976.5830784,984.349743,992.2164076,999.1164058,1006.78307,1021.3164,1029.033065,1037.166396,1044.916394,#N/A,self-ordered,8,1,7,6,1
103,Honey,5,1122.93304,1130.783038,1136.499703,1143.233035,1150.9497,1158.016364,1165.866362,1178.699692,1187.04969,#N/A,self-ordered,9,#N/A,#N/A,4,0
104,Honey,6,1261.833004,1269.499669,1276.033,1284.966331,1293.116329,1301.19966,1307.799659,1314.83299,1324.982987,#N/A,self-ordered,9,#N/A,#N/A,7,0
105,Io,1,331.2,346.25,368.0833333,393.05,412.95,434.25,458.3,472.7333333,488.1,#N/A,self-ordered,6,1,5,1,2
106,Io,2,594.95,605.1666667,610.6833333,619.1,625.65,636.7,642.0333333,648.8666667,658.6,#N/A,self-ordered,5,3,2,1,3
107,Io,3,772.35,784.2833333,790.1166667,796.6666667,810,821.3666667,828.4166667,836.3666667,849.25,855.9,self-ordered,8,4,4,3,1
108,Io,4,1027.583333,1044.95,1053.316667,1063.5,1067.933333,1072.366667,1078.816667,1084.6,1094.883333,1099.983333,forced,6,2,4,1,2
109,Io,5,1181.1,1199.733333,1211.7,1222.133333,1226,1233.366667,1236.183333,1245.566667,1251.966667,1255.683333,forced,7,1,6,2,2
110,Io,6,1343.25,1360.466667,1364.083333,1376.05,1383.666667,1387.266667,1393.383333,1399.116667,1403.333333,1409.083333,forced,5,1,4,2,1
111,Jay2,1,424,437.5833333,448.05,490.65,512.1833333,536.7,575.65,593.5333333,606.1,652.6166667,self-ordered,8,4,4,2,1
112,Jay2,2,746.0333333,782.1666667,894.8,930.75,998.6,1015.2,1050.216667,1068.4,1111.016667,#N/A,self-ordered,7,1,6,1,2
113,Jay2,3,1230.216667,1309.566667,1322.383333,1355.083333,1396.066667,1502.516667,1544.583333,1587.016667,1639.55,#N/A,self-ordered,5,1,4,3,1
114,Jay2,4,1815.033333,1824.283333,1837.483333,1859.816667,1873,1895.95,1906.183333,1921.066667,1939.016667,1974.733333,forced,3,2,1,2,2
115,Jay2,5,2078.383333,2089.55,2108.483333,2136.116667,2149.883333,2161.533333,2175.716667,2191.466667,2220.066667,#N/A,forced,4,1,3,2,2
116,Jay2,6,2308.366667,2321.583333,2328.65,2368.716667,2383.183333,2403.05,2414.033333,2455.966667,2483.583333,#N/A,forced,7,5,2,1,2
117,Jimi,1,250.1833333,261.4666667,281.8666667,286.8333333,293.8833333,310.4,320.0666667,335.4333333,#N/A,#N/A,forced,6,4,2,1,1
118,Jimi,2,427.75,436.8333333,441.5833333,452.5333333,458.85,467.2333333,481.9166667,489.55,496.05,#N/A,forced,7,3,4,1,2
119,Jimi,3,590.9166667,594.7166667,603.8,617.1,621.7833333,630.3333333,636.1833333,644.35,657.9666667,#N/A,forced,7,3,4,0,2
120,Jimi,4,746.2833333,753.8333333,758.0333333,763.5,768.8333333,774.0833333,780.7666667,786.9666667,793.7666667,#N/A,self-ordered,7,1,6,3,2
121,Jimi,5,872.05,882.5333333,886.5166667,893.2333333,898.5,905.4,912.1833333,918.6166667,924.7833333,#N/A,self-ordered,6,1,5,2,2
122,Jimi,6,1015.616667,1023.7,1029.4,1034.966667,1043.216667,1047.816667,1055.266667,1060.883333,1069.116667,#N/A,self-ordered,8,2,6,2,1
123,Kito,1,537.2163127,545.1996407,562.1662962,581.3996169,614.3162619,626.266254,646.9162404,659.7662319,672.3662236,#N/A,self-ordered,9,#N/A,#N/A,7,0
124,Kito,2,768.7161601,775.6161556,777.482821,782.8828175,787.7828142,794.8661429,814.8661297,824.3161235,832.8161179,#N/A,self-ordered,6,4,2,3,2
125,Kito,3,923.1660583,925.1993903,931.1493864,937.4993822,942.2493791,947.0827093,951.7993728,958.132702,966.0493634,970.4326939,self-ordered,8,2,6,3,1
126,Kito,4,1145.249245,1150.232575,1156.282571,1167.132564,1169.932562,1174.682559,1178.76589,1182.699221,1187.815884,1192.182548,forced,6,3,3,2,2
127,Kito,5,1296.132479,1304.199141,1310.399137,1317.982465,1320.99913,1326.515793,1332.265789,1337.332452,1343.832448,1356.599106,forced,7,3,4,3,2
128,Kito,6,1449.165712,1453.715709,1456.94904,1462.649036,1466.8157,1470.582364,1474.899028,1479.699025,1484.049022,1488.649019,forced,9,#N/A,#N/A,5,0
129,Kukie,1,242.9666667,247.0833333,254.6166667,267.5166667,281.7666667,297.1833333,302.95,320.6833333,329.2666667,#N/A,forced,6,1,5,2,2
130,Kukie,2,417.0666667,439.1833333,447.7666667,453.9333333,465.0333333,471.4833333,476.7666667,485.1166667,490.1833333,#N/A,forced,5,1,4,1,2
131,Kukie,3,594.0166667,597.6833333,602.2833333,618.9166667,624.35,629.0833333,636.6,646.7833333,655.65,661.55,forced,7,3,4,1,1
132,Kukie,4,752.7833333,760.5666667,767.3166667,774.05,778.7833333,785.5833333,791.8,798.0833333,803.15,809.6166667,self-ordered,6,1,5,2,1
133,Kukie,5,884.95,892,902.6,909.0833333,913.6333333,919.6833333,932.0666667,936.1166667,943.9,953.0166667,self-ordered,3,1,2,0,2
134,Kukie,6,1020.9,1028.316667,1036.266667,1038.133333,1043.9,1052.783333,1055.716667,1064.733333,1073.75,1078.283333,self-ordered,6,1,5,1,2
135,Lea3,2,789.0333333,796.75,804.4833333,818.8833333,829.6166667,836.95,845.7166667,854.7,861.2166667,#N/A,forced,8,3,5,1,1
136,Lea3,3,972.15,979.6833333,988.0333333,998.95,1009.1,1015.666667,1025.816667,1034.316667,1042.083333,#N/A,forced,5,2,3,1,2
137,Lea3,4,1141.383333,1154.416667,1158.45,1163.416667,1169.183333,1180,1187.383333,1194.683333,1202.916667,1210.033333,self-ordered,4,1,3,2,2
138,Lea3,5,1285.516667,1298.1,1302.616667,1308.316667,1313.133333,1319.233333,1324.95,1330.65,1338.75,1345.283333,self-ordered,6,1,5,3,2
139,Lea3,6,1415.383333,1424.75,1428.55,1432.966667,1437.65,1443.066667,1448.216667,1454.1,1460.066667,1467.833333,self-ordered,7,1,6,2,1
140,Lenny4,1,241.9666038,253.7832674,281.1499269,314.6499182,352.6832417,373.4499029,411.0332265,420.483224,451.433216,#N/A,self-ordered,3,1,2,1,2
141,Lenny4,2,569.549852,576.0665169,579.7998493,585.1998479,594.2331789,599.3165109,612.0331742,618.2831726,623.0165047,629.566503,self-ordered,5,1,4,2,4
142,Lenny4,3,723.299812,730.5664768,734.9664756,739.3831411,743.9831399,748.6831387,754.5998039,759.2998026,763.4331349,768.316467,self-ordered,5,2,3,1,3
143,Lenny4,4,893.9997676,904.6830982,913.0164293,917.033095,922.166427,928.3497587,932.5997576,936.1664233,941.5997552,946.3830873,forced,6,3,3,2,3
144,Lenny4,5,1049.533061,1055.566392,1066.916389,1071.783055,1076.816387,1080.366386,1084.049718,1088.73305,1094.383049,#N/A,forced,6,3,3,1,3
145,Lenny4,6,1185.733025,1193.883023,1200.216355,1202.216354,1206.449686,1209.783019,1213.183018,1216.733017,1223.549682,1226.783014,forced,5,2,3,0,4
146,Lexi3,1,1391.265791,1400.282452,1415.749109,1431.615766,1457.915749,1472.299074,1487.399064,1506.565719,1525.232374,#N/A,forced,6,1,5,4,2
147,Lexi3,2,0,1.616666144,13.28332904,23.81665897,31.63332311,50.6166503,62.0666466,86.64997199,#N/A,#N/A,forced,3,1,2,0,1
148,Lexi3,3,169.0332787,174.9332768,180.0166085,187.0832729,195.5666034,202.3999346,209.4499323,217.9332629,224.2999275,#N/A,forced,8,2,6,3,1
149,Lexi3,4,322.5665624,330.4498932,338.083224,346.5665546,351.9665529,359.0665506,365.2165486,375.5665453,384.4332091,#N/A,self-ordered,6,3,3,3,3
150,Lexi3,5,472.9998471,481.2331778,487.3165091,498.1665056,504.4831703,510.4331683,516.7998329,524.4831638,530.7164951,#N/A,self-ordered,4,2,2,2,1
151,Lexi3,6,621.849799,625.5164645,633.9164617,645.5997913,649.9997899,656.9664543,663.2997856,669.9664501,675.0997818,#N/A,self-ordered,5,2,3,2,2
152,Lilo3,1,407.9998293,416.4664924,431.5831528,448.6831456,467.1331379,486.6331297,497.4164586,505.7164551,513.8831183,#N/A,forced,4,2,2,4,2
153,Lilo3,4,967.5162619,974.9995921,980.0162567,989.2329195,995.182917,1005.382913,1014.332909,1019.249574,1024.749571,#N/A,self-ordered,8,1,7,4,1
154,Lilo3,5,1197.266166,1205.266162,1214.032825,1223.382822,1230.099485,1240.482814,1254.666142,1266.082804,1272.116134,#N/A,self-ordered,6,4,2,2,2
155,Lilo3,6,1356.866099,1363.19943,1368.582761,1381.332755,1386.716087,1393.149417,1397.366082,1404.016079,1411.882743,#N/A,self-ordered,3,1,2,3,1
156,Loki6,1,294.8666667,302.9666667,311.8166667,328.15,335.7833333,344.3166667,355.45,368.6333333,378.25,#N/A,forced,6,1,5,2,2
157,Loki6,2,463.7833333,464.5333333,475.6166667,484.9,492.5,502.0166667,512.9666667,522,535.85,#N/A,forced,5,1,4,1,3
158,Loki6,3,631.1833333,633.7833333,643.3333333,654.55,671.8666667,682.8166667,692.7166667,703.15,714.9,#N/A,forced,6,1,5,1,2
159,Loki6,4,809.5,815.45,821.9333333,830.0666667,838.9166667,846.7166667,859.7333333,871.5833333,882.5833333,#N/A,self-ordered,7,1,6,3,2
160,Loki6,5,963.2166667,972.55,983.25,990.5833333,996.1,1007.383333,1021.833333,1035.333333,1041.35,#N/A,self-ordered,5,1,4,2,1
161,Loki6,6,1129.2,1135.916667,1150.2,1164.6,1172.916667,1181.416667,1196.5,1211.85,1223.55,#N/A,self-ordered,4,2,2,1,1
162,Loki7,1,342.55,345.1833333,367.6166667,381.45,442.5666667,466.35,486.85,505.05,515.7333333,539.7833333,self-ordered,6,1,5,2,3
163,Loki7,2,646.25,646.9166667,651.9,667.7166667,676.5333333,684.4333333,697.1833333,706.05,715.0833333,#N/A,self-ordered,7,2,5,2,1
164,Loki7,3,799.2833333,800.2666667,806.6166667,813.2833333,821.5,829.0833333,837.1833333,844.55,850.2666667,#N/A,self-ordered,7,2,5,2,1
165,Loki7,4,1035.283333,1020.8,1029.1,1035.35,1040.166667,1044.85,1052.7,1058.216667,1064.733333,1070.7,forced,5,1,4,1,2
166,Loki7,5,1206.583333,1187.133333,1200.3,1209.616667,1214.2,1221.983333,1227.883333,1233.766667,1240.733333,1246.75,forced,5,1,4,1,2
167,Loki7,6,1366.15,1351.066667,1359.866667,1367.75,1372.716667,1376.7,1383.7,1388.85,#N/A,#N/A,forced,9,#N/A,#N/A,4,0
168,Lucy18,1,322.2,330.25,343.8833333,356.5,368.9333333,387.3166667,392.35,402.4,414.8666667,426.0333333,forced,3,2,1,2,3
169,Lucy18,2,553.6,558.2333333,570.5666667,586.4333333,598.7666667,608.45,615.0833333,621.8666667,629.85,#N/A,forced,5,1,4,5,1
170,Lucy18,3,724.5833333,729.8166667,737.6666667,748.55,754.0333333,763.6666667,770.3166667,780.9833333,790.1333333,795.6666667,forced,7,2,5,2,1
171,Lucy18,4,905.6,912.8833333,916.7333333,923.1,929.5333333,936.4,942.6,948.8,956.6333333,#N/A,self-ordered,8,1,7,4,1
172,Lucy18,5,1036.166667,1043.25,1049.216667,1053.35,1059.8,1068.4,1076.583333,1081.933333,1091.933333,1095.65,self-ordered,9,#N/A,#N/A,7,0
173,Lucy18,6,1174.85,1181.95,1188.25,1193.15,1199.033333,1205.35,1210.75,1214.966667,1226.733333,1233.3,self-ordered,9,#N/A,#N/A,7,0
174,Ludwig2,1,305.7166596,311.8333261,325.0666592,341.5333254,347.999992,358.1333251,367.8999915,377.5999913,395.2999909,401.8499907,forced,4,1,3,1,4
175,Ludwig2,2,496.9999885,504.4833217,517.749988,526.9999878,532.1666544,540.0833208,545.4666541,551.8499872,559.3499871,565.7333203,forced,5,2,3,2,2
176,Ludwig2,3,653.1999849,664.6666513,673.2833178,678.9499843,689.7999841,696.0166506,701.6999838,706.983317,712.9999835,721.86665,forced,6,2,4,2,2
177,Ludwig2,4,831.7999808,836.6666473,841.5833139,847.6333137,853.3666469,863.9833134,870.1666466,876.8499797,883.2333129,#N/A,self-ordered,7,1,6,1,2
178,Ludwig2,5,977.8333107,985.2333106,990.1833104,996.1666436,1010.166643,1015.449977,1022.216643,1027.83331,1033.766643,#N/A,self-ordered,5,3,2,1,2
179,Ludwig2,6,1125.033307,1132.599974,1137.51664,1142.599974,1148.86664,1154.899973,1160.683307,1166.383306,1172.033306,#N/A,self-ordered,6,1,5,2,2
180,Mailo,1,360.6,368.3666667,378,393.3333333,404.7833333,416.7833333,424.7166667,437.4,448.6166667,#N/A,forced,3,1,2,4,2
181,Mailo,2,545.45,553.1,562.3333333,574.3,580.4833333,593.3333333,599.75,608.4833333,619.15,#N/A,forced,6,1,5,2,2
182,Mailo,3,726.1666667,737.1,743.7166667,753.8333333,760.0166667,765.7833333,773.7166667,786.7666667,794.3333333,802.2666667,forced,4,2,2,4,1
183,Mailo,4,887.1166667,893.5333333,898.1833333,903.4666667,911.2333333,918.7166667,925.8166667,931.3166667,943.4833333,949.3,self-ordered,8,1,7,6,1
184,Mailo,5,1021.55,1031.45,1037.533333,1043.3,1048.5,1053.916667,1061.25,1068.083333,1077.283333,1082.65,self-ordered,8,1,7,4,1
185,Mailo,6,1159.416667,1169.066667,1174.233333,1179.55,1185.1,1190.7,1194.716667,1202.183333,1209,1215.633333,self-ordered,8,1,7,4,1
186,Maro,2,0,2.016666667,17.88333333,32.3,43.8,53.91666667,#N/A,#N/A,#N/A,#N/A,forced,7,1,6,1,1
187,Maro,3,141.0666667,147.4333333,155.35,161.0666667,172.55,181.0833333,191.4666667,201.2833333,#N/A,#N/A,forced,4,1,3,1,2
188,Maro,4,290.0833333,306.4666667,311.5666667,325.75,335.7,343.6666667,352.55,360.5333333,375.4,#N/A,self-ordered,6,1,5,2,2
189,Maro,5,462.5333333,466.4166667,470.2333333,481.4833333,489.2,497.4,516.9166667,526.4166667,535.6,#N/A,self-ordered,6,1,5,2,2
190,Maro,6,616.3833333,620.75,628.0166667,634.25,640.2333333,650.75,659.2666667,666.8,677.4666667,#N/A,self-ordered,8,2,6,0,1
191,Maze,1,0,2.666666667,14.51666667,38.96666667,45.8,67.23333333,74.86666667,#N/A,#N/A,#N/A,forced,5,1,4,1,3
192,Maze,2,199.15,204.4,214.1833333,222.8166667,228.9333333,244.1166667,250.65,264.3333333,278.3,#N/A,forced,6,3,3,2,2
193,Maze,3,393.65,396.0833333,405.3,415.7,419.45,428.3,442.0166667,458.9333333,468.5833333,#N/A,forced,7,3,4,1,2
194,Maze,4,571.1833333,574.3666667,579.0333333,586.55,592.3,598.6,605.6833333,611.55,#N/A,#N/A,self-ordered,7,2,5,1,1
195,Maze,5,692.5833333,699.1,703.7333333,709.4666667,717.5833333,723.0833333,732.25,738.15,745.1333333,750.45,self-ordered,6,2,4,3,2
196,Maze,6,828.6666667,834.3,839.4,844.75,851.2333333,857.2166667,864.0833333,871.2833333,876.65,#N/A,self-ordered,6,2,4,1,2
197,Mazekeen,1,352.8666667,382.35,391.9833333,406.0333333,423.8666667,432.3,441.3166667,504.7333333,547.8333333,#N/A,forced,5,3,2,1,3
198,Mazekeen,2,688.6666667,713.8666667,722.5333333,735.9666667,783.1166667,809.4,856.6333333,866.05,875.7333333,#N/A,forced,4,2,2,0,1
199,Mazekeen,3,990.65,1006.716667,1015.833333,1027.233333,1037.4,1083.083333,1100.55,1113.75,1142.883333,#N/A,forced,3,1,2,1,3
200,Mazekeen,4,1248,1260.35,1289.583333,1295.316667,1309.483333,1320.216667,1332.216667,1339.8,1347.583333,#N/A,self-ordered,8,5,3,1,1
201,Mazekeen,5,1454.883333,1467.05,1471.533333,1476.35,1483.533333,1494.166667,1499.333333,1507.1,1514.6,#N/A,self-ordered,7,4,3,1,1
202,Mazekeen,6,1596,1608.983333,1614.25,1622.05,1628.783333,1669.816667,1679.233333,1695.966667,1701.616667,#N/A,self-ordered,5,3,2,1,3
203,Meo,1,0,10.0666587,23.96664769,38.04996988,#N/A,#N/A,#N/A,#N/A,#N/A,#N/A,forced,3,1,2,5,1
204,Meo,2,110.8332456,117.7332401,123.4832356,130.7332298,139.8332226,152.7332124,161.3998722,172.7498632,181.2665232,#N/A,forced,4,2,2,1,1
205,Meo,3,253.3664661,259.8497943,265.5497898,273.1164504,283.9831085,290.0497704,300.1497624,310.749754,318.0164149,#N/A,forced,5,1,4,1,1
206,Meo,4,449.3496443,455.8496391,463.0329668,469.2662952,476.1662897,495.4829411,502.7329353,545.6662347,553.7995616,#N/A,self-ordered,3,1,2,1,4
207,Meo,5,633.2494987,642.1661583,646.6494881,652.7828165,659.6661444,666.9328053,675.5161319,682.4327931,700.5161121,#N/A,self-ordered,4,2,2,2,3
208,Meo,6,776.0160523,783.4827131,788.5993757,795.0827039,801.3660322,807.8326938,816.76602,828.2660109,834.9993389,841.5826671,self-ordered,5,3,2,1,2
209,Mika2,1,292.0166667,294.5833333,302.75,311.55,322.15,333.9833333,351.0833333,466.1,474.2333333,484.8166667,forced,4,2,2,0,3
210,Mika2,2,484.8166667,492.3333333,507.6833333,524.6166667,536.6333333,545.2,652.85,658.4666667,#N/A,#N/A,forced,6,1,5,0,2
211,Mika2,3,668.05,668.5,674.4666667,685.9333333,695.4166667,703.45,715.35,811.45,#N/A,#N/A,forced,3,1,2,1,4
212,Mika2,4,811.45,819.2166667,826.4,836.9,848.3333333,863.5333333,873.45,887.6666667,1010.95,#N/A,self-ordered,4,1,3,1,3
213,Mika2,5,1010.95,1017.683333,1024.883333,1033.45,1042.316667,1049.666667,1068.816667,1079.3,1171.816667,#N/A,self-ordered,7,2,5,1,2
214,Mika2,6,1171.816667,1175.966667,1185.5,1193.833333,1201.916667,1208.833333,1230.733333,1242.333333,#N/A,#N/A,self-ordered,6,1,5,1,3
215,Monty,1,347.3331501,361.4331427,377.983134,387.333129,394.6164585,404.6331199,410.5331168,425.1997757,433.4497714,#N/A,self-ordered,7,1,6,2,2
216,Monty,2,527.9663882,540.5330482,544.4663795,553.1830415,560.8830375,574.499697,579.3496944,586.5163573,591.7996878,599.3496839,self-ordered,9,#N/A,#N/A,7,0
217,Monty,3,698.332965,709.3829591,713.0162906,718.2829544,723.1662852,731.8662806,736.866278,741.4329422,746.2329397,#N/A,self-ordered,7,1,6,3,2
218,Monty,4,866.1995431,873.4495393,885.3328663,895.3161944,899.8995253,906.3995219,914.966184,920.3495145,925.4328452,930.6495091,forced,4,1,3,2,1
219,Monty,5,1014.849465,1019.732795,1027.132792,1037.982786,1042.94945,1047.649447,1054.016111,1059.866108,1064.966105,1069.382769,forced,8,2,6,4,1
220,Monty,6,1160.666054,1170.832716,1176.799379,1186.332708,1190.549372,1195.066036,1200.3327,1205.332698,1211.249361,1216.032692,forced,8,3,5,2,1
221,Moon2,1,730.3997243,803.0330302,814.1163593,827.6663542,841.2330157,853.6163444,861.5496747,872.5996706,886.0329988,#N/A,self-ordered,7,2,5,1,2
222,Moon2,2,997.0996236,998.1329565,1004.032954,1010.282952,1016.316283,1026.732946,1038.232941,1044.699606,1054.666268,#N/A,self-ordered,4,1,3,4,1
223,Moon2,3,1167.399559,1168.666225,1172.682891,1178.899555,1185.849552,1194.032883,1201.766213,1207.699544,1214.499541,#N/A,self-ordered,7,1,6,2,2
224,Moon2,4,1395.46614,1223.149538,1374.749481,1383.749478,1397.582806,1401.449471,1406.749469,1412.649467,1417.649465,1424.382796,forced,7,2,5,2,1
225,Moon2,5,1562.566077,1430.74946,1539.399419,1546.516083,1562.566077,1567.999408,1572.63274,1579.349404,1584.582735,1590.032733,forced,7,1,6,5,1
226,Moon2,6,1708.599355,1595.499398,1690.349362,1696.282693,1709.782688,1713.682686,1718.482685,1726.632681,1733.599346,1737.966011,forced,4,1,3,2,3
227,Nala13,1,295.166463,308.8164536,323.0497771,339.2497659,349.9330919,366.5664137,381.9497364,390.8330636,404.0497212,#N/A,self-ordered,6,2,4,1,2
228,Nala13,2,487.8163301,498.6663226,502.9996529,510.7996475,520.7496407,529.3163014,535.6162971,546.6329561,556.5996159,561.5496125,self-ordered,4,2,2,3,2
229,Nala13,3,640.1995582,648.5995524,652.4662164,657.516213,665.199541,670.8328704,675.6828671,680.7328636,685.5495269,689.6995241,self-ordered,6,1,5,2,3
230,Nala13,4,797.5494497,801.7327801,806.3827769,819.9161009,823.9494314,828.6160949,833.2327584,837.5160887,841.5994193,846.3327493,forced,7,1,6,3,1
231,Nala13,5,929.6660252,934.8660216,938.132686,950.2660109,953.9660084,958.1493388,961.6993364,966.2993332,970.8826634,976.2826597,forced,4,1,3,5,2
232,Nala13,6,1087.565916,1090.899247,1096.982576,1108.165902,1112.132566,1115.49923,1120.015894,1124.515891,1128.482555,1132.699218,forced,8,2,6,5,1
233,Nele4,1,306.6498249,314.1331539,327.2331464,340.7164721,363.9164588,375.233119,384.3331138,389.1497777,398.1331059,#N/A,self-ordered,4,1,3,3,1
234,Nele4,2,500.2663809,513.1663736,523.1330346,534.583028,539.3663586,544.449689,550.433019,557.0663485,561.2496795,#N/A,self-ordered,5,1,4,3,1
235,Nele4,3,660.7829559,667.9996185,675.1496144,689.4329396,694.6496033,700.0329335,706.23293,711.7995935,719.3329225,724.8662527,self-ordered,5,1,4,3,1
236,Nele4,4,815.7328674,827.566194,833.5328573,839.1661874,843.0995185,849.0661817,851.0328473,858.1495099,866.3495052,872.5495017,forced,9,#N/A,#N/A,5,0
237,Nele4,5,960.5494514,973.2161108,978.0994414,981.0161064,988.2494356,991.632767,997.3494304,1003.799427,1008.299424,1013.466088,forced,6,2,4,1,3
238,Nele4,6,1107.216034,1120.416027,1127.432689,1131.482687,1135.582685,1143.83268,1148.666011,1153.249341,1155.282674,1162.316003,forced,9,#N/A,#N/A,7,0
239,Oscar2,1,344.1165235,382.8665073,402.5498325,413.7498278,426.233156,433.5331529,443.6831487,453.7331445,459.4164755,#N/A,self-ordered,9,#N/A,#N/A,3,0
240,Oscar2,3,740.1830253,755.8496855,760.0163504,765.1663483,770.6330127,773.6330114,783.6996739,797.9830013,804.4996652,#N/A,self-ordered,7,4,3,1,2
241,Oscar2,4,992.0662538,1003.199583,1012.549579,1024.599574,1033.432903,1039.582901,1043.032899,1047.549564,#N/A,#N/A,forced,7,3,4,1,1
242,Oscar2,5,1250.39948,1280.199467,1292.732795,1302.949458,1307.249456,1312.732787,1319.432784,1323.849449,1327.932781,1337.099444,forced,8,4,4,1,1
243,Oscar2,6,1491.649379,1498.249377,1509.766038,1519.866034,1527.166031,1532.349362,1539.499359,1544.066024,1557.766018,1564.982682,forced,7,2,5,2,1
244,Pinky2,1,430.8666667,442.35,466.55,477.0666667,490.95,502.0666667,523.3166667,533.7333333,542.9833333,#N/A,self-ordered,3,1,2,1,3
245,Pinky2,2,623.3833333,632.4833333,640.8833333,650.45,659.7833333,674.3,685.9166667,698.0166667,708.05,#N/A,self-ordered,4,2,2,1,4
246,Pinky2,3,816.5666667,827.8666667,835.5666667,845.8166667,866.4666667,880.45,895.0166667,908.35,917.2833333,#N/A,self-ordered,4,2,2,1,3
247,Pinky2,4,1017.816667,1031.1,1041.766667,1056.266667,1076.416667,1084.9,1101.366667,1116.616667,1138.766667,#N/A,forced,8,1,7,1,1
248,Pinky2,5,1271.8,1284.783333,1295.05,1309.6,1336.616667,1345.466667,1363.866667,1375.4,1389.066667,#N/A,forced,6,2,4,0,2
249,Pinky2,6,1483.516667,1496.133333,1506.9,1522.783333,1530.666667,1545.05,1555.316667,1566.816667,1580.6,1593.183333,forced,7,2,5,1,1
250,Poca,1,348.2830917,354.9330871,366.7997456,382.0164017,398.9997232,411.3997146,424.8830386,437.5663631,452.2496863,#N/A,forced,4,1,3,2,2
251,Poca,3,868.5493975,884.4493865,893.1660471,905.0160389,910.6993683,916.2160311,925.3160248,931.2826873,939.6326815,#N/A,forced,4,1,3,1,3
252,Poca,4,1029.349286,1038.832613,1043.665943,1048.915939,1056.8826,1062.432596,1072.799256,1079.532584,1091.682576,1097.932572,self-ordered,5,1,4,2,2
253,Poca,5,1186.049177,1197.282503,1202.182499,1206.849163,1212.799159,1217.749155,1222.315819,1239.365807,1246.899135,#N/A,self-ordered,8,1,7,0,1
254,Poca,6,1327.349079,1337.182406,1341.665736,1347.199065,1353.299061,1358.982391,1365.815719,1378.949043,1393.1657,1400.415695,self-ordered,6,1,5,1,1
255,Quintus,1,240.266476,246.8164708,257.1164626,271.5664511,280.0164444,290.7997692,297.1830975,303.8997588,309.033088,314.94975,forced,9,#N/A,#N/A,2,0
256,Quintus,2,449.5163099,452.7829739,458.3996362,469.9829603,473.9662905,479.8829524,486.5496138,491.6329431,496.6662725,501.399602,forced,7,3,4,0,2
257,Quintus,3,596.4661932,603.8995207,612.0995142,624.4828377,628.9995007,633.7828303,638.0828269,644.4828218,656.3161457,#N/A,forced,5,1,4,3,1
258,Quintus,4,750.5994042,755.2494005,759.8993969,762.7660612,766.6160582,773.2993862,778.7160486,782.7993787,789.6493732,794.566036,self-ordered,5,1,4,1,2
259,Quintus,5,871.4993083,876.7993041,879.9993015,886.5326297,890.1159602,895.9326222,900.5326186,906.5326138,912.8659421,#N/A,self-ordered,6,1,5,1,2
260,Quintus,6,1011.565864,1017.332526,1019.99919,1026.549185,1031.865848,1036.88251,1043.865838,1054.36583,1060.782491,1065.449154,self-ordered,4,1,3,1,4
261,Reni,1,300.4333333,308.55,326.2,344.5833333,361.6833333,389.2166667,403.0166667,419.5166667,438.0333333,#N/A,forced,9,#N/A,#N/A,3,0
262,Reni,2,551.5333333,562.35,571.3,582.5666667,608.5166667,615.85,639.7666667,648.2,656.9833333,#N/A,forced,6,1,5,6,1
263,Reni,3,738.85,750.4833333,756.7833333,769.0333333,776.2166667,791.7833333,804.7,816.7833333,838.1833333,#N/A,forced,7,2,5,4,2
264,Reni,4,920.7,929.8666667,937.25,943.3166667,952.55,960.3,968.5166667,977.8833333,987.4166667,#N/A,self-ordered,9,#N/A,#N/A,7,0
265,Reni,5,1065.15,1076.283333,1082.133333,1089.533333,1101.95,1109.016667,1116.2,1125.15,1133.7,#N/A,self-ordered,5,2,3,5,2
266,Reni,6,1213.95,1229.3,1235.4,1241.966667,1250.2,1267.283333,1274.383333,1280.483333,1289.233333,1296.35,self-ordered,7,5,2,5,2
267,Robby,1,325.9664895,340.399815,346.5998116,355.7664733,362.1998032,371.2331316,385.6664571,395.3331185,405.4997796,412.9997756,self-ordered,3,1,2,3,1
268,Robby,2,518.2830517,530.3163785,534.3163763,545.2163704,556.7996974,560.9830285,567.5330249,573.3330218,582.3496835,#N/A,self-ordered,3,1,2,6,1
269,Robby,3,669.3663029,682.7662956,685.5496274,690.4829581,696.0496217,700.8662858,705.8162831,711.8162798,717.3662768,724.0996065,self-ordered,9,#N/A,#N/A,5,0
270,Robby,4,851.7495371,864.1495304,870.4328603,879.8328552,884.4328527,888.066184,892.6328482,896.7995126,900.3995107,904.2995086,forced,7,2,5,5,1
271,Robby,5,1011.14945,1019.532779,1027.682775,1035.316104,1039.032769,1043.649433,1048.632763,1052.649428,1058.482758,1064.699421,forced,9,#N/A,#N/A,1,0
272,Robby,6,1153.699373,1164.499367,1173.032696,1178.182693,1182.132691,1186.666022,1192.482685,1198.166016,1206.816011,1213.59934,forced,8,1,7,2,1
273,Sepp,1,248.1666667,257.5,267.3166667,283.2166667,296.6,306.8166667,319.4333333,335.8,342.3333333,#N/A,self-ordered,4,1,3,2,2
274,Sepp,2,428.4333333,435.6,438.95,442.3166667,447.4333333,454.5,459.05,463.2166667,467.6333333,#N/A,self-ordered,5,1,4,1,3
275,Sepp,3,557.9666667,569.3333333,572.7666667,576.55,580.9,586.6666667,591.15,595.2833333,599.3666667,603.7333333,self-ordered,4,2,2,2,2
276,Sepp,4,757.15,768.4,775.0166667,785.0166667,791.45,796.0333333,801.0833333,808,813.3,821.75,forced,7,4,3,3,2
277,Sepp,5,915.7333333,925.4333333,936.5833333,945.65,949.6166667,953.7333333,957.65,961.7333333,967.6833333,#N/A,forced,6,3,3,2,1
278,Sepp,6,1098.466667,1105.483333,1112.716667,1122.583333,1126.35,1129.966667,1134.45,1137.533333,1143.783333,1147.216667,forced,6,2,4,2,2
279,Tenya,1,323.4664856,335.1498124,346.9498058,359.2997989,366.7997947,374.7331236,389.9997817,404.0664405,415.2164343,#N/A,forced,9,#N/A,#N/A,3,0
280,Tenya,2,512.749713,522.9330407,533.2163682,538.8663651,549.4330258,556.2996886,563.2996847,573.8663455,585.466339,#N/A,forced,6,1,5,6,1
281,Tenya,3,676.6329546,682.1329515,708.2329369,715.2162664,721.4662629,727.4829262,734.7495888,742.3162512,748.8329142,755.8829103,forced,7,2,5,4,2
282,Tenya,4,846.1995264,854.4328551,859.7161855,864.7328493,870.1661796,877.0495091,884.3661717,892.3995005,911.5661565,#N/A,self-ordered,9,#N/A,#N/A,7,0
283,Tenya,5,1005.849437,1014.566099,1019.216096,1024.13276,1030.232757,1035.566087,1040.849417,1047.166081,1053.49941,#N/A,self-ordered,5,2,3,5,2
284,Tenya,6,1152.782688,1156.382686,1161.982683,1168.049346,1173.032677,1179.54934,1186.499336,1192.149333,1198.882662,1205.332659,self-ordered,7,5,2,5,2
285,Teodor,1,260.95,272.3666667,291.2666667,308.3666667,317.35,331.5833333,344,361.7,371.7166667,#N/A,self-ordered,5,3,2,1,2
286,Teodor,2,469.8333333,479.2166667,485.9,492.9166667,498.6,507.7,517.3666667,524.4333333,530.3666667,#N/A,self-ordered,5,1,4,0,2
287,Teodor,3,630.1333333,638.8833333,645.8166667,654.15,660.1,677.6833333,687.1833333,697.9333333,707.5166667,#N/A,self-ordered,6,1,5,1,3
288,Teodor,4,837.2333333,842.3,856.1666667,869.2166667,883.0666667,890.9166667,907.0333333,915.75,924.0166667,#N/A,forced,4,1,3,1,3
289,Teodor,5,1039.583333,1054.266667,1064.983333,1082.3,1092.216667,1098.9,1106.783333,1114.033333,1121.1,#N/A,forced,7,1,6,1,1
290,Teodor,6,1217.016667,1220.466667,1235.116667,1249.35,1253.183333,1257.85,1264.45,1276.15,1283.783333,#N/A,forced,7,2,5,1,1
291,Timo2,1,332.3165731,340.5999041,351.1165678,364.8498973,378.5332268,387.5332242,401.6165536,425.116547,435.0332109,#N/A,forced,4,1,3,1,1
292,Timo2,2,523.4165193,533.8331831,541.9498474,551.2498448,558.5165094,565.3165075,579.9665034,587.1665014,596.1664988,604.3164965,forced,5,2,3,2,2
293,Timo2,3,704.1331351,710.2164667,718.0164645,724.749796,732.0331273,737.1997925,745.7997901,753.5497879,760.9497858,767.8831172,forced,7,5,2,1,2
294,Timo2,4,859.599758,866.2164228,871.483088,877.0330864,884.1664178,890.366416,897.0164142,911.6997434,920.5164075,#N/A,self-ordered,3,1,2,2,2
295,Timo2,5,997.066386,1002.083051,1007.28305,1012.916382,1019.283046,1026.599711,1033.349709,1041.849707,1049.099705,#N/A,self-ordered,5,1,4,2,1
296,Timo2,6,1138.516346,1139.983012,1147.33301,1152.816342,1161.999673,1169.799671,1182.549667,1192.166331,1199.099662,1207.766327,self-ordered,5,1,4,2,2
297,Tofu,1,397.13323,366.7499045,381.5665674,400.4832291,422.4165567,441.8165517,454.2998818,467.0165451,479.6665418,487.3998731,forced,4,2,2,3,3
298,Tofu,2,609.1998414,589.9831798,595.649845,608.9998415,617.0998394,621.5498382,628.0998365,633.2498352,639.4998336,#N/A,forced,5,3,2,3,4
299,Tofu,3,746.7164723,734.0664756,738.1498079,748.9164718,754.9498035,758.9998025,763.416468,769.6497997,776.2664646,781.28313,forced,7,2,5,3,2
300,Tofu,4,899.4997659,900.1997657,903.6497648,909.6830966,913.5997622,917.9497611,925.0664259,936.3497563,941.4164217,1032.416398,self-ordered,9,#N/A,#N/A,7,0
301,Tofu,5,1032.416398,1035.733064,1040.099729,1044.066395,1049.049727,1056.966392,1063.41639,1068.883055,1192.266356,#N/A,self-ordered,9,#N/A,#N/A,7,0
302,Tofu,6,1192.266356,1195.866355,1200.483021,1205.18302,1209.366352,1214.616351,1220.666349,1226.183014,#N/A,#N/A,self-ordered,8,1,7,5,1
303,Twix,1,420.2833333,427.55,437.4166667,446.0833333,456.8833333,467.5833333,481.3333333,491.5333333,501.4666667,#N/A,self-ordered,7,1,6,4,2
304,Twix,2,599.8166667,605.75,614,621.2166667,629.3833333,641.6833333,654.1,663.5,672.1333333,#N/A,self-ordered,9,#N/A,#N/A,1,0
305,Twix,3,787.0333333,788.55,801.55,808.5,819.7166667,829.0166667,839.8666667,854.3166667,873.1666667,#N/A,self-ordered,5,1,4,1,3
306,Twix,4,1031.466667,1034.783333,1043.133333,1058.9,1070.733333,1078.033333,1086.65,1097.15,1114.183333,#N/A,forced,7,2,5,1,2
307,Twix,5,1223.116667,1227.983333,1235.8,1249.333333,1262.516667,1269.166667,1288.216667,1330.783333,1347.516667,#N/A,forced,3,1,2,2,2
308,Twix,6,1491.216667,1496.016667,1504.3,1520.733333,1531.483333,1537.166667,1546.116667,1555.75,1563.983333,1572.316667,forced,4,2,2,2,2
309,Vivi,2,480.4666667,493.7166667,512.7666667,522.6333333,537.6833333,551.4,578.5333333,592.3666667,690.05,#N/A,self-ordered,8,1,7,1,1
310,Vivi,3,793.95,807.3166667,817.5333333,832.1833333,841.95,859.5,871.5,922.2166667,#N/A,#N/A,self-ordered,7,5,2,1,1
311,Vivi,4,1144.116667,1149.966667,1159.966667,1177.8,1187.183333,1198.783333,1215.816667,1246.85,1265.05,#N/A,forced,7,2,5,1,1
312,Vivi,5,1366.15,1378.066667,1387.316667,1401.633333,1412.433333,1433.366667,1447.1,1463.1,1479.25,#N/A,forced,6,2,4,0,1
313,Vivi,6,1583.983333,1590.016667,1602.816667,1618.066667,1627.15,1637.533333,1641.816667,1660.816667,1721.85,#N/A,forced,5,2,3,1,1
314,Zeus3,2,552.3830698,556.9330676,563.9830643,571.4330607,591.4663845,602.0497128,616.3163726,626.649701,640.9830275,#N/A,self-ordered,6,3,3,4,3
315,Zeus3,3,729.7996518,733.7663166,739.2996473,746.5829772,753.2163073,762.2996363,781.6662938,791.4996224,801.2662844,928.5662237,self-ordered,7,1,6,4,2
316,Zeus3,4,947.1662148,951.9162125,958.7662093,965.8662059,971.916203,977.7328669,984.1661972,1084.999482,1095.516144,#N/A,forced,5,1,4,2,2
317,Zeus3,5,1103.049474,1104.61614,1109.349471,1113.649469,1118.2828,1129.349461,1133.249459,1139.73279,1153.732783,1267.866062,forced,7,1,6,5,2
318,Zeus3,6,1285.799387,1287.966052,1291.366051,1296.216048,1301.149379,1306.466043,1311.649374,1320.89937,1324.532701,#N/A,forced,7,1,6,4,2
319,Zira,1,214.8,227.2833333,241.0333333,258.0833333,280.7333333,293.2666667,304.6833333,311.9166667,317.9333333,326.9166667,forced,3,1,2,1,4
320,Zira,2,442.9833333,453.3166667,459.05,468,477.8,483.1166667,488.3833333,499.5333333,507.2333333,512.3833333,forced,7,2,5,1,2
321,Zira,3,624.15,639.2333333,650.85,656.8,664.6166667,673.9666667,679.1333333,683.0833333,692.0333333,#N/A,forced,5,1,4,1,1
322,Zira,4,828.6333333,842.2,851.2333333,858.25,862.6833333,868.5833333,872.8333333,878.4333333,883.5,887.4,self-ordered,5,1,4,3,2
323,Zira,5,971.4333333,977.6,987.2666667,999.7666667,1004.783333,1008.383333,1014.4,1019.2,1024.55,1030.033333,self-ordered,4,2,2,1,2
324,Zira,6,1132.55,1135.683333,1142.383333,1158.916667,1162.733333,1166.7,1172.816667,1190.533333,1194.866667,1199.8,self-ordered,8,4,4,1,1
325,Zuzu,1,308.1498254,314.6164884,326.5331483,343.4498054,349.2998021,366.8664588,379.3331184,391.749778,400.5831063,424.2164263,forced,5,1,4,1,4
326,Zuzu,2,523.5497033,527.9663675,535.5996965,546.566357,554.7163523,564.8996799,581.9496702,596.7496619,606.8663228,#N/A,forced,6,3,3,1,1
327,Zuzu,3,698.5662708,704.9496005,714.5495951,726.3162551,738.7329147,750.2662415,757.1662376,763.4995674,772.6328955,#N/A,forced,7,3,4,4,1
328,Zuzu,4,859.3828464,868.5328412,873.2661718,877.9328359,885.6994981,893.4328271,931.8661386,945.5327976,951.8161273,#N/A,self-ordered,7,4,3,5,2
329,Zuzu,5,1025.299419,1033.932747,1037.649412,1043.732742,1050.832738,1056.816068,1064.016064,1070.749393,1082.016054,#N/A,self-ordered,8,2,6,4,1
330,Zuzu,6,1159.31601,1166.799339,1171.099336,1174.599334,1182.765996,1188.449327,1195.715989,1200.532653,1208.915982,#N/A,self-ordered,8,2,6,3,1
