ID,Subject,trial_number,Trial start,1st choice,2nd choice,3rd choice,4th choice,5th choice,6th choice,7th choice,8th choice,9th choice,condition,first_error_position,return_to_arm,Lag_from_last_choice,time_delay,return_delay,means,time_delay_adjusted,time_fe,time_fe_after,time_fe_before
1,Akido,1,325.8331283,340.8831188,363.0164383,383.1997589,396.9664169,424.6997328,444.7330535,463.3497085,477.0496998,#N/A,self-ordered,7,1,6,122.4665897,122.4665897,18.90207144,6.479003643,13.6999913,13.6999913,18.616655
2,Akido,2,556.8663163,563.182979,573.2329727,585.7996314,593.1996268,608.6162837,622.5496083,639.1329312,660.7829176,#N/A,self-ordered,9,#N/A,#N/A,#N/A,#N/A,12.98957516,#N/A,#N/A,#N/A,#N/A
3,Akido,3,737.8328691,747.4661964,752.6328598,770.4995152,777.9161772,789.2161701,797.5494982,813.0328218,832.1161431,#N/A,self-ordered,6,1,5,50.0833018,50.0833018,11.78540925,4.249602261,15.4833236,15.4833236,8.3333281
4,Akido,4,926.6160836,933.6994125,942.3660737,953.2160669,959.0160633,965.5993924,973.5993874,980.4160498,989.3160442,#N/A,forced,5,3,2,31.8999799,12.3833255,7.837495075,4.070175432,7.999995,7.999995,6.5833291
5,Akido,5,1072.332659,1076.565989,1084.665984,1097.19931,1102.13264,1110.132635,1121.965961,1130.765955,1137.582618,#N/A,forced,9,#N/A,#N/A,#N/A,#N/A,8.156244875,#N/A,#N/A,#N/A,#N/A
6,Akido,6,1218.199234,1218.3659,1225.665895,1237.365888,1242.349218,1248.299215,1253.949211,1261.065873,1267.099203,1274.149198,forced,4,2,2,23.983318,16.683323,6.112496125,3.923653694,5.949997,5.949997,4.98333
7,Albert,1,334.3333333,347.4,352.5833333,364.9166667,372,378.35,384.35,393.85,402.0166667,#N/A,self-ordered,6,1,5,36.95,36.95,8.460416675,4.367397189,9.5,9.5,6
8,Albert,2,497.0333333,501.95,508.1166667,513.3333333,518.2666667,522.1833333,528.5833333,535.3,539.6666667,546.7166667,self-ordered,7,2,5,33.35,27.1833333,5.329166675,6.258014064,4.3666667,4.3666667,6.7166667
9,Albert,3,644.2666667,652.1666667,655.3333333,660.5166667,668.5666667,673.5166667,677.35,681.2666667,685.5166667,689.85,self-ordered,5,1,4,21.35,21.35,5.15625,4.140606061,3.8333333,3.8333333,4.95
10,Albert,4,822.5,829.4333333,839.35,849.1,852.3,862.3333333,869.4666667,881.2166667,889.75,#N/A,forced,8,1,7,60.3166667,60.3166667,8.40625,7.175216857,#N/A,#N/A,8.5333333
11,Albert,5,1011.5,1013.366667,1019.783333,1030.133333,1034.083333,1038.7,1043.016667,1046.916667,1050.5,#N/A,forced,4,1,3,20.716666,20.716666,4.875,4.249572513,4.616667,4.616667,3.95
12,Albert,6,1163.433333,1164.466667,1175.15,1180.45,1183.9,1188.4,1192.433333,1196.266667,1200.316667,1204.316667,forced,5,2,3,23.933333,13.25,4.61041675,5.191143078,4.033333,4.033333,4.5
13,Anubis3,1,306.0332842,323.4166147,348.5666107,360.1832755,371.1999404,385.7999381,398.399936,413.5166003,428.8665978,#N/A,self-ordered,6,1,5,74.9833213,74.9833213,15.3541642,4.88358209,15.1166643,15.1166643,12.5999979
14,Anubis3,2,639.0998974,664.31656,674.0332251,685.9332232,695.566555,704.6498869,714.6665519,723.0165506,737.333215,744.3165472,self-ordered,4,1,3,31.249995,31.249995,12.2791647,2.544960978,9.0833319,9.0833319,9.6333318
15,Anubis3,3,868.0998606,888.466524,901.066522,911.0998537,920.5498522,942.9498486,948.9165143,958.7498461,966.9498448,#N/A,self-ordered,6,3,3,60.4499903,37.8166606,12.35624803,4.892260998,9.8333318,9.8333318,5.9666657
16,Anubis3,4,1138.949817,1143.399816,1154.366481,1179.883144,1184.94981,1192.449809,1198.233141,1204.13314,1217.133138,#N/A,forced,3,2,1,36.483328,25.516663,9.772915125,3.733105991,5.066666,5.066666,25.516663
17,Anubis3,5,1315.483122,1330.549786,1335.333119,1358.216449,1364.233114,1369.616447,1377.849779,1384.733111,1402.466442,1408.96644,forced,3,1,2,27.666663,27.666663,10.872915,2.544548817,6.016665,6.016665,22.88333
18,Anubis3,6,1524.649755,1530.033088,1540.033086,1565.449749,1575.98308,1581.999746,1587.349745,1593.999744,1600.533076,1609.683075,forced,6,2,4,57.316657,47.316659,9.485415125,6.042609232,6.649999,6.649999,5.349999
19,Blue5,1,385.6666667,388.2,398.7166667,401.25,408.3666667,413.6333333,422.4,433.7833333,444.6166667,459.35,self-ordered,5,2,3,25.4333333,14.9166666,7.36875,3.451512577,8.7666667,8.7666667,5.2666666
20,Blue5,2,554.1,555.1833333,559.3,563.6,569.3833333,574.5333333,580.9,586.0333333,591.5333333,#N/A,self-ordered,3,1,2,8.4166667,8.4166667,4.679166662,1.798753348,5.7833333,5.7833333,4.3
21,Blue5,3,675.7333333,683.4833333,686.8833333,689.85,693.9,699.75,703.5166667,707.7666667,713.1666667,#N/A,self-ordered,7,1,6,24.2833334,24.2833334,4.679166675,5.18967053,5.4,5.4,4.25
22,Blue5,4,803.2333333,806.5833333,812.7666667,824.15,827.5166667,835.5833333,843.1833333,847.9166667,854.2,860.05,forced,5,3,2,29,11.4333333,6.370833338,4.551994765,7.6,7.6,8.0666666
23,Blue5,5,939.7333333,952.4666667,955.8166667,968.9666667,972.3,976.1,980.4,984.7666667,988.8166667,994.4,forced,7,1,6,32.3,32.3,6.135416675,5.264516122,4.05,4.05,4.3666667
24,Blue5,6,1123.716667,1126.066667,1132.316667,1147.433333,1150.9,1154.9,1160.3,1165.066667,1169.116667,1176.616667,forced,4,1,3,24.833333,24.833333,5.675,4.375917709,4,4,3.466667
25,Chomsky,1,306.5831649,316.7831593,324.8831549,334.7331495,346.6164763,354.316472,369.5831303,387.0164541,398.4997811,#N/A,self-ordered,4,2,2,29.833317,21.7333214,11.48957703,2.596554854,7.6999957,7.6999957,11.8833268
26,Chomsky,2,503.3663902,509.5330534,514.3163841,519.7330478,529.3830425,539.5497036,548.1330322,558.4663599,569.4163539,#N/A,self-ordered,6,1,5,38.5999788,38.5999788,8.256245463,4.675246027,10.3333277,10.3333277,8.5833286
27,Chomsky,3,666.9496336,672.6829638,678.6496272,685.3496235,693.8996188,702.2829475,712.2162754,720.8329374,728.9995995,#N/A,self-ordered,8,1,7,56.3166357,56.3166357,7.756245738,7.260811172,#N/A,#N/A,8.1666621
28,Chomsky,4,972.0661327,980.8161279,989.2161233,1008.666113,1013.199443,1021.549439,1032.632766,1039.932762,1046.682758,#N/A,forced,6,1,5,51.8166381,51.8166381,9.327078162,5.555505936,7.299996,7.299996,11.083327
29,Chomsky,5,1189.299347,1195.599343,1202.699339,1213.416,1221.832662,1227.932659,1235.132655,1240.915985,1252.265979,#N/A,forced,6,1,5,39.533312,39.533312,7.870829,5.022763422,5.78333,5.78333,7.199996
30,Chomsky,6,1369.949247,1385.332572,1390.449236,1401.232564,1410.015892,1420.332553,1425.465884,1433.432546,1441.665875,1447.665871,forced,6,2,4,40.133312,35.016648,8.9645785,4.476876632,7.966662,7.966662,5.133331
31,Diego6,1,324.2832472,331.9499118,342.1165758,354.1165726,360.116571,371.2832347,391.1832294,401.0498934,454.6332125,#N/A,forced,8,1,7,122.6833007,122.6833007,16.29374566,7.529471936,#N/A,#N/A,53.5833191
32,Diego6,2,563.4665169,568.7998489,575.1665138,583.9331782,588.4998436,594.8331753,620.6331684,631.2164989,638.7831636,#N/A,forced,4,1,3,19.6999947,19.6999947,9.414580838,2.092498332,6.3333317,6.3333317,4.5666654
33,Diego6,3,730.6331392,734.7164714,740.4498033,748.5331344,753.1331332,758.9331317,765.6997965,778.3664598,784.183125,796.3497884,forced,7,3,4,43.6499884,29.8333254,6.693748225,6.5210084,5.8166652,5.8166652,12.6666633
34,Diego6,4,874.7164342,885.9497646,891.4164298,897.3497616,916.4830898,924.5330877,930.0997529,952.349747,960.4664115,967.5330763,self-ordered,4,2,2,30.5333252,25.06666,10.71874716,2.84859086,8.0499979,8.0499979,19.1333282
35,Diego6,5,1046.199722,1056.399719,1061.133051,1065.699717,1072.633048,1078.96638,1085.099712,1093.533043,1101.149707,1108.966372,self-ordered,9,#N/A,#N/A,52.566653,#N/A,6.868748125,7.653017994,#N/A,#N/A,#N/A
36,Diego6,6,1201.799681,1213.649678,1219.333009,1224.649675,1230.41634,1236.449671,1243.14967,1251.116334,1260.899665,1268.21633,self-ordered,7,4,3,37.466656,20.699994,7.387498,5.071629935,9.783331,9.783331,7.966664
37,Emil10,1,244.8832104,252.9165397,267.8831989,282.216525,338.9831632,352.01649,366.5664827,383.1498077,399.6831327,#N/A,forced,9,#N/A,#N/A,#N/A,#N/A,19.34999029,#N/A,#N/A,#N/A,#N/A
38,Emil10,2,491.6830866,496.7997507,507.999745,535.8497311,543.9663936,559.0997194,622.916354,634.9996813,663.6830002,#N/A,forced,8,1,7,166.8832495,166.8832495,21.4999892,7.762015504,#N/A,#N/A,28.6833189
39,Emil10,3,774.999611,781.1662746,798.1329327,809.8495935,829.1162505,838.2829126,847.7995745,864.7828993,901.3828809,#N/A,forced,5,2,3,57.116638,40.1499799,15.79790874,3.615455624,9.5166619,9.5166619,9.1666621
40,Emil10,4,991.0828359,1002.299497,1014.199491,1024.099486,1035.216147,1050.032806,1068.249464,1099.949448,1114.366107,#N/A,self-ordered,5,1,4,47.733309,47.733309,15.41040889,3.097471933,18.216658,18.216658,14.816659
41,Emil10,5,1393.299301,1490.582585,1501.749246,1520.199237,1529.482566,1540.549227,1589.849202,1610.999191,1620.13252,#N/A,self-ordered,7,5,2,120.416606,70.449964,28.35415238,4.246877297,9.133329,9.133329,21.149989
42,Emil10,6,1703.299145,1729.415799,1737.999128,1764.165781,1775.332442,1811.515757,1824.699084,1836.549078,1856.365735,#N/A,self-ordered,6,1,5,95.283285,95.283285,19.13332375,4.979965125,11.849994,11.849994,13.183327
43,Fendi,1,300.2,317.7166667,332.3666667,340.35,355.15,363.7833333,375.25,381.6666667,388.2833333,#N/A,self-ordered,6,2,4,57.5333333,42.8833333,11.01041666,5.225354777,6.4166667,6.4166667,11.4666667
44,Fendi,2,481.9,489.1666667,492.4333333,500.2166667,507.8,512.35,519.15,525.4666667,534.1333333,#N/A,self-ordered,8,1,7,44.9666666,44.9666666,6.529166663,6.887045304,#N/A,#N/A,8.6666666
45,Fendi,3,625.9666667,633.5333333,637.9833333,645.1333333,649.8833333,658.0166667,666.1166667,675.0166667,680.2833333,695.3166667,self-ordered,9,#N/A,#N/A,61.7833334,#N/A,6.789583325,9.099723863,#N/A,#N/A,#N/A
46,Fendi,4,897.2666667,911.6833333,917.1,927.6166667,930.9333333,937.5666667,942.3666667,948.3,953.3666667,958.5,forced,7,1,6,36.6166667,36.6166667,7.0125,5.22162805,5.0666667,5.0666667,5.9333333
47,Fendi,5,1049.916667,1058.866667,1065.1,1075.316667,1079.666667,1085.783333,1089.95,1094.883333,1098.816667,1106.783333,forced,5,3,2,26.916666,10.466666,6.1125,4.40354454,4.166667,4.166667,6.116666
48,Fendi,6,1201.416667,1212.083333,1216.366667,1222.816667,1226.666667,1231.316667,1236.516667,1240.6,1246.916667,1252.533333,forced,4,1,3,14.583334,14.583334,5.6875,2.564102681,4.65,4.65,3.85
49,Filou9,1,234.7666667,234.7666667,263.9833333,285.0833333,307.4333333,321.5166667,334.3166667,344.0333333,354.7,361.9833333,self-ordered,9,#N/A,#N/A,127.2166666,#N/A,14.99166666,8.485825456,#N/A,#N/A,#N/A
50,Filou9,2,465.1333333,465.4333333,469.0833333,474.1,478.0833333,483.9666667,489.3833333,493.1,497.7,501.6333333,self-ordered,7,1,6,27.6666667,27.6666667,4.070833338,6.796315252,4.6,4.6,3.7166667
51,Filou9,3,622.4166667,623.1666667,626.35,632.0333333,635.5333333,639.8,645.55,651.45,656.35,660.7666667,self-ordered,8,5,3,33.1833333,16.55,4.241666663,7.823182711,4.4166667,4.4166667,4.9
52,Filou9,4,820.4166667,806.7333333,813.7,820.4166667,824.5333333,828.15,832.7666667,836.3166667,843.6333333,847.0333333,forced,7,5,2,29.5833334,8.1666667,2.902083325,10.19382633,7.3166666,7.3166666,3.55
53,Filou9,5,976.1666667,958.1,967.0666667,976.1666667,979.7833333,984.1166667,987.9666667,991.8833333,995.6166667,999.7666667,forced,7,2,5,33.7833333,24.8166666,2.43125,13.89545843,3.7333334,3.7333334,3.9166666
54,Filou9,6,1116.683333,1106.333333,1111.083333,1116.683333,1120.416667,1124.95,1128.766667,1136,1141.416667,1145.466667,forced,5,1,4,18.616667,18.616667,3.09166675,6.021563288,3.816667,3.816667,4.533333
55,Freeda,1,359.65,368.7333333,393.5,421.4166667,439.8333333,463.5833333,477.2333333,508.1,528.3333333,#N/A,forced,6,3,3,108.5,55.8166666,21.08541666,5.145736588,30.8666667,30.8666667,13.65
56,Freeda,2,637.1,646.6333333,648.65,656.9166667,665.0166667,681.8,690.7833333,704.0833333,717.5333333,730.6166667,forced,6,3,3,44.15,33.8666666,10.05416666,4.391214258,13.3,13.3,8.9833333
57,Freeda,3,813.7,823.6166667,834.3166667,844.7666667,852.15,864.1333333,890.9333333,897.7833333,910.45,#N/A,forced,4,2,2,28.5333333,17.8333333,12.09375,2.359345389,11.9833333,11.9833333,7.3833333
58,Freeda,4,1031.15,1040.35,1050.783333,1062.95,1070.533333,1081.7,1088.233333,1096.366667,1107.166667,#N/A,self-ordered,3,1,2,22.6,22.6,9.502083375,2.378425773,7.583333,7.583333,12.166667
59,Freeda,5,1231.55,1237.433333,1250.883333,1260.766667,1266.383333,1272.583333,1279.733333,1285.6,1293.083333,#N/A,self-ordered,5,1,4,35.15,35.15,7.691666625,4.569880848,7.15,7.15,6.2
60,Freeda,6,1401.066667,1409.183333,1417.266667,1429.066667,1439,1445.433333,1452.8,1461.7,1467.95,1474.916667,self-ordered,4,1,3,29.816667,29.816667,8.360416625,3.566409228,6.433333,6.433333,9.933333
61,Gandalf,1,242.816609,252.0332735,280.1999335,289.7999312,309.1499266,316.049925,335.466587,343.0165852,352.7332496,#N/A,self-ordered,6,2,4,83.4333135,55.2666535,13.73958008,6.072479147,7.5499982,7.5499982,19.416662
62,Gandalf,2,582.2831951,591.383193,603.0498569,623.549852,631.7665167,643.016514,651.2665121,658.8331769,667.0498417,#N/A,self-ordered,7,2,5,67.4499839,55.78332,10.59583083,6.365709779,8.2166648,8.2166648,7.5666648
63,Gandalf,3,776.0164825,791.0664789,797.4664774,803.6331426,810.1498077,818.483139,824.3331377,831.4998026,839.0831342,847.4997988,self-ordered,8,1,7,48.0166553,48.0166553,7.883331463,6.090909095,8.4166646,8.4166646,7.5833316
64,Gandalf,4,934.5164448,937.2497775,944.883109,952.6497739,959.7664388,965.8164374,974.483102,980.4331006,987.283099,993.9664307,forced,6,1,5,37.2333245,37.2333245,6.595831775,5.644977885,5.9499986,5.9499986,8.6666646
65,Gandalf,5,1089.683075,1095.34974,1104.216405,1111.533069,1117.849735,1124.0664,1128.983065,1135.933064,1142.166396,#N/A,forced,4,1,3,22.499995,22.499995,6.560415125,3.429660253,6.216665,6.216665,6.316666
66,Gandalf,6,1230.583041,1234.916374,1242.116372,1248.333037,1256.199702,1263.283033,1269.483032,1275.866364,1284.049695,1290.199694,forced,7,1,6,40.94999,40.94999,6.68333175,6.127182,8.183331,8.183331,6.383332
67,Goofy2,1,243.383223,253.0832186,265.5998796,278.5498737,289.4998688,306.0831946,318.7165222,330.3498502,343.0498445,#N/A,forced,6,3,3,65.6333036,40.1666485,12.45832769,5.268227426,11.633328,11.633328,12.6333276
68,Goofy2,2,436.3331355,445.499798,456.8331262,476.399784,487.1664458,501.1331061,510.1331021,521.1164304,530.9830926,536.5497568,forced,3,1,2,30.899986,30.899986,11.83124464,2.611727417,10.7666618,10.7666618,19.5666578
69,Goofy2,3,630.3830476,633.0163797,643.2997084,663.999699,669.6163631,684.3163564,692.7663526,706.0996799,715.8996754,#N/A,forced,3,1,2,30.9833193,30.9833193,10.68957848,2.898460344,5.6166641,5.6166641,20.6999906
70,Goofy2,4,801.9496364,812.3496317,821.6662942,827.2329583,834.0662885,839.9996192,853.4662798,860.3329433,869.6829391,#N/A,self-ordered,4,1,3,21.7166568,21.7166568,8.466662838,2.564960625,5.9333307,5.9333307,6.8333302
71,Goofy2,5,953.6495677,970.54956,977.4662235,989.1662182,1001.049546,1022.966203,1038.099529,1044.099527,1052.816189,#N/A,self-ordered,3,1,2,18.6166582,18.6166582,12.39582766,1.501848744,11.8833278,11.8833278,11.6999947
72,Goofy2,6,1140.782816,1156.266142,1161.649473,1167.982804,1178.949466,1186.982795,1205.132787,1213.866116,1220.866113,1228.56611,self-ordered,7,1,6,57.599974,57.599974,10.01041213,5.754006257,6.999997,6.999997,8.733329
73,Hero,1,299.5,314.5833333,348.5166667,376.7833333,414.0666667,433.8666667,479.0666667,490.9,506.5833333,#N/A,self-ordered,4,1,3,99.4833334,99.4833334,25.88541666,3.843219319,19.8,19.8,37.2833334
74,Hero,2,606.3833333,618.1333333,624.7666667,630.95,638.1166667,645.1333333,654.5333333,665.5666667,677.0666667,#N/A,self-ordered,9,#N/A,#N/A,#N/A,#N/A,8.835416675,#N/A,#N/A,#N/A,#N/A
75,Hero,3,764.5666667,775.4333333,781.35,788.7833333,795.2,810,816.8833333,827.2166667,836.1,843.15,self-ordered,8,1,7,60.6666667,60.6666667,8.941666663,6.784715757,7.05,7.05,8.8833333
76,Hero,4,1014.016667,1019.483333,1029,1042.566667,1049.166667,1058.05,1071.9,1079.883333,1086.283333,#N/A,forced,7,2,5,60.4,50.883333,9.03333325,6.686346925,6.4,6.4,7.983333
77,Hero,5,1178.95,1182.85,1195.716667,1210.133333,1215.916667,1222.466667,1235.266667,1242.283333,1254.016667,#N/A,forced,3,1,2,27.283333,27.283333,9.383333375,2.907637607,5.783334,5.783334,14.416666
78,Hero,6,1343.083333,1349.483333,1361.366667,1375.45,1381.6,1390.233333,1398.783333,1406.316667,1415.783333,#N/A,forced,9,#N/A,#N/A,#N/A,#N/A,9.0875,#N/A,#N/A,#N/A,#N/A
79,Honey,1,342.6332439,355.6332405,365.3665713,379.0332344,406.4165606,438.3998855,464.0998788,496.766537,561.4498534,#N/A,forced,8,1,7,205.8166129,205.8166129,27.35207619,7.524716277,#N/A,#N/A,64.6833164
80,Honey,2,649.9331637,656.0331621,663.2498268,670.7164916,693.149819,706.7664821,727.5664767,747.9164714,757.5664689,#N/A,forced,7,2,5,91.8833093,84.6666446,13.45416315,6.829358933,9.6499975,9.6499975,20.3499947
81,Honey,3,837.2497814,844.4164462,849.9831114,857.5664428,865.1164408,873.499772,881.7331031,891.3497673,899.5497651,#N/A,forced,7,3,4,46.9333211,33.7833245,7.787497963,6.02675228,8.1999978,8.1999978,9.6166642
82,Honey,4,976.5830784,984.349743,992.2164076,999.1164058,1006.78307,1021.3164,1029.033065,1037.166396,1044.916394,#N/A,self-ordered,8,1,7,60.566651,60.566651,8.54166445,7.090731713,#N/A,#N/A,7.749998
83,Honey,5,1122.93304,1130.783038,1136.499703,1143.233035,1150.9497,1158.016364,1165.866362,1178.699692,1187.04969,#N/A,self-ordered,9,#N/A,#N/A,#N/A,#N/A,8.01458125,#N/A,#N/A,#N/A,#N/A
84,Honey,6,1261.833004,1269.499669,1276.033,1284.966331,1293.116329,1301.19966,1307.799659,1314.83299,1324.982987,#N/A,self-ordered,9,#N/A,#N/A,#N/A,#N/A,7.893747875,#N/A,#N/A,#N/A,#N/A
85,Io,1,331.2,346.25,368.0833333,393.05,412.95,434.25,458.3,472.7333333,488.1,#N/A,self-ordered,6,1,5,112.05,112.05,19.6125,5.713193117,14.4333333,14.4333333,24.05
86,Io,2,594.95,605.1666667,610.6833333,619.1,625.65,636.7,642.0333333,648.8666667,658.6,#N/A,self-ordered,5,3,2,31.5333333,17.6,7.95625,3.963341185,5.3333333,5.3333333,11.05
87,Io,3,772.35,784.2833333,790.1166667,796.6666667,810,821.3666667,828.4166667,836.3666667,849.25,855.9,self-ordered,8,4,4,64.9666667,39.25,9.6125,6.758560905,6.65,6.65,12.8833333
88,Io,4,1027.583333,1044.95,1053.316667,1063.5,1067.933333,1072.366667,1078.816667,1084.6,1094.883333,1099.983333,forced,6,2,4,33.866667,25.5,8.4125,4.025755364,5.783333,5.783333,6.45
89,Io,5,1181.1,1199.733333,1211.7,1222.133333,1226,1233.366667,1236.183333,1245.566667,1251.966667,1255.683333,forced,7,1,6,45.833334,45.833334,8.858333375,5.174035799,6.4,6.4,9.383334
90,Io,6,1343.25,1360.466667,1364.083333,1376.05,1383.666667,1387.266667,1393.383333,1399.116667,1403.333333,1409.083333,forced,5,1,4,26.8,26.8,7.510416625,3.568377274,6.116666,6.116666,3.6
91,Jay2,1,424,437.5833333,448.05,490.65,512.1833333,536.7,575.65,593.5333333,606.1,652.6166667,self-ordered,8,4,4,168.5166667,93.9166667,22.7625,7.403258284,46.5166667,46.5166667,12.5666667
92,Jay2,2,746.0333333,782.1666667,894.8,930.75,998.6,1015.2,1050.216667,1068.4,1111.016667,#N/A,self-ordered,7,1,6,286.2333333,286.2333333,45.62291671,6.273893778,42.616667,42.616667,18.183333
93,Jay2,3,1230.216667,1309.566667,1322.383333,1355.083333,1396.066667,1502.516667,1544.583333,1587.016667,1639.55,#N/A,self-ordered,5,1,4,192.95,192.95,51.16666663,3.771009775,42.066666,42.066666,106.45
94,Jay2,4,1815.033333,1824.283333,1837.483333,1859.816667,1873,1895.95,1906.183333,1921.066667,1939.016667,1974.733333,forced,3,2,1,35.533334,22.333334,15.49791675,2.292781318,13.183333,13.183333,22.333334
95,Jay2,5,2078.383333,2089.55,2108.483333,2136.116667,2149.883333,2161.533333,2175.716667,2191.466667,2220.066667,#N/A,forced,4,1,3,60.333333,60.333333,17.71041675,3.406658005,11.65,11.65,13.766666
96,Jay2,6,2308.366667,2321.583333,2328.65,2368.716667,2383.183333,2403.05,2414.033333,2455.966667,2483.583333,#N/A,forced,7,5,2,134.383334,52.916667,21.90208325,6.13564164,27.616666,27.616666,41.933334
97,Jimi,1,250.1833333,261.4666667,281.8666667,286.8333333,293.8833333,310.4,320.0666667,335.4333333,#N/A,#N/A,forced,6,4,2,58.6,26.1833334,12.17857143,4.811730205,15.3666666,15.3666666,9.6666667
98,Jimi,2,427.75,436.8333333,441.5833333,452.5333333,458.85,467.2333333,481.9166667,489.55,496.05,#N/A,forced,7,3,4,52.7166667,37.0166667,8.5375,6.174719379,6.5,6.5,7.6333333
99,Jimi,3,590.9166667,594.7166667,603.8,617.1,621.7833333,630.3333333,636.1833333,644.35,657.9666667,#N/A,forced,7,3,4,49.6333333,27.25,8.38125,5.92194879,13.6166667,13.6166667,8.1666667
100,Jimi,4,746.2833333,753.8333333,758.0333333,763.5,768.8333333,774.0833333,780.7666667,786.9666667,793.7666667,#N/A,self-ordered,7,1,6,33.1333334,33.1333334,5.935416675,5.582309586,6.8,6.8,6.2
101,Jimi,5,872.05,882.5333333,886.5166667,893.2333333,898.5,905.4,912.1833333,918.6166667,924.7833333,#N/A,self-ordered,6,1,5,29.65,29.65,6.591666663,4.498103669,6.4333334,6.4333334,6.7833333
102,Jimi,6,1015.616667,1023.7,1029.4,1034.966667,1043.216667,1047.816667,1055.266667,1060.883333,1069.116667,#N/A,self-ordered,8,2,6,45.416667,39.716667,6.6875,6.791277308,#N/A,#N/A,8.233334
103,Kito,1,537.2163127,545.1996407,562.1662962,581.3996169,614.3162619,626.266254,646.9162404,659.7662319,672.3662236,#N/A,self-ordered,9,#N/A,#N/A,#N/A,#N/A,16.89373886,#N/A,#N/A,#N/A,#N/A
104,Kito,2,768.7161601,775.6161556,777.482821,782.8828175,787.7828142,794.8661429,814.8661297,824.3161235,832.8161179,#N/A,self-ordered,6,4,2,39.2499741,27.0833155,8.012494725,4.898595936,9.4499938,9.4499938,19.9999868
105,Kito,3,923.1660583,925.1993903,931.1493864,937.4993822,942.2493791,947.0827093,951.7993728,958.132702,966.0493634,970.4326939,self-ordered,8,2,6,40.8499731,34.899977,5.360413137,7.620676252,4.3833305,4.3833305,7.9166614
106,Kito,4,1145.249245,1150.232575,1156.282571,1167.132564,1169.932562,1174.682559,1178.76589,1182.699221,1187.815884,1192.182548,forced,6,3,3,28.533315,11.633326,5.320829875,5.36256856,3.933331,3.933331,4.083331
107,Kito,5,1296.132479,1304.199141,1310.399137,1317.982465,1320.99913,1326.515793,1332.265789,1337.332452,1343.832448,1356.599106,forced,7,3,4,33.133311,19.349987,5.962496125,5.556953045,6.499996,6.499996,5.066663
108,Kito,6,1449.165712,1453.715709,1456.94904,1462.649036,1466.8157,1470.582364,1474.899028,1479.699025,1484.049022,1488.649019,forced,9,#N/A,#N/A,34.93331,#N/A,4.36041375,8.011466802,#N/A,#N/A,#N/A
109,Kukie,1,242.9666667,247.0833333,254.6166667,267.5166667,281.7666667,297.1833333,302.95,320.6833333,329.2666667,#N/A,forced,6,1,5,55.8666667,55.8666667,10.7875,5.17883353,17.7333333,17.7333333,5.7666667
110,Kukie,2,417.0666667,439.1833333,447.7666667,453.9333333,465.0333333,471.4833333,476.7666667,485.1166667,490.1833333,#N/A,forced,5,1,4,32.3,32.3,9.139583325,3.534077961,5.2833334,5.2833334,6.45
111,Kukie,3,594.0166667,597.6833333,602.2833333,618.9166667,624.35,629.0833333,636.6,646.7833333,655.65,661.55,forced,7,3,4,49.1,27.8666666,7.704166663,6.373174692,8.8666667,8.8666667,10.1833333
112,Kukie,4,752.7833333,760.5666667,767.3166667,774.05,778.7833333,785.5833333,791.8,798.0833333,803.15,809.6166667,self-ordered,6,1,5,31.2333333,31.2333333,6.295833338,4.960953003,6.2833333,6.2833333,6.2166667
113,Kukie,5,884.95,892,902.6,909.0833333,913.6333333,919.6833333,932.0666667,936.1166667,943.9,953.0166667,self-ordered,3,1,2,17.0833333,17.0833333,7.36875,2.318348879,4.55,4.55,6.4833333
114,Kukie,6,1020.9,1028.316667,1036.266667,1038.133333,1043.9,1052.783333,1055.716667,1064.733333,1073.75,1078.283333,self-ordered,6,1,5,27.4,27.4,6.60625,4.147587512,9.016666,9.016666,2.933334
115,Lea3,2,789.0333333,796.75,804.4833333,818.8833333,829.6166667,836.95,845.7166667,854.7,861.2166667,#N/A,forced,8,3,5,64.4666667,42.3333334,9.022916675,7.144770258,#N/A,#N/A,6.5166667
116,Lea3,3,972.15,979.6833333,988.0333333,998.95,1009.1,1015.666667,1025.816667,1034.316667,1042.083333,#N/A,forced,5,2,3,35.9833337,27.6333337,8.741666625,4.116301301,10.15,10.15,6.566667
117,Lea3,4,1141.383333,1154.416667,1158.45,1163.416667,1169.183333,1180,1187.383333,1194.683333,1202.916667,1210.033333,self-ordered,4,1,3,14.766666,14.766666,7.69166675,1.919826545,10.816667,10.816667,5.766666
118,Lea3,5,1285.516667,1298.1,1302.616667,1308.316667,1313.133333,1319.233333,1324.95,1330.65,1338.75,1345.283333,self-ordered,6,1,5,26.85,26.85,6.654166625,4.035065774,5.7,5.7,5.716667
119,Lea3,6,1415.383333,1424.75,1428.55,1432.966667,1437.65,1443.066667,1448.216667,1454.1,1460.066667,1467.833333,self-ordered,7,1,6,29.35,29.35,5.58541675,5.25475561,5.966667,5.966667,5.883333
120,Lenny4,1,241.9666038,253.7832674,281.1499269,314.6499182,352.6832417,373.4499029,411.0332265,420.483224,451.433216,#N/A,self-ordered,3,1,2,60.8666508,60.8666508,26.18332653,2.32463399,38.0333235,38.0333235,33.4999913
121,Lenny4,2,569.549852,576.0665169,579.7998493,585.1998479,594.2331789,599.3165109,612.0331742,618.2831726,623.0165047,629.566503,self-ordered,5,1,4,23.249994,23.249994,6.683331588,3.478803004,12.7166633,12.7166633,5.083332
122,Lenny4,3,723.299812,730.5664768,734.9664756,739.3831411,743.9831399,748.6831387,754.5998039,759.2998026,763.4331349,768.316467,self-ordered,5,2,3,18.1166619,13.7166631,5.016665363,3.61129567,5.9166652,5.9166652,4.6999988
123,Lenny4,4,893.9997676,904.6830982,913.0164293,917.033095,922.166427,928.3497587,932.5997576,936.1664233,941.5997552,946.3830873,forced,6,3,3,27.9166594,15.5666626,5.94999845,4.691876752,3.5666657,3.5666657,4.2499989
124,Lenny4,5,1049.533061,1055.566392,1066.916389,1071.783055,1076.816387,1080.366386,1084.049718,1088.73305,1094.383049,#N/A,forced,6,3,3,28.483326,12.266663,5.6062485,5.080639219,4.683332,4.683332,3.683332
125,Lenny4,6,1185.733025,1193.883023,1200.216355,1202.216354,1206.449686,1209.783019,1213.183018,1216.733017,1223.549682,1226.783014,forced,5,2,3,15.899996,9.566664,4.727082125,3.363596312,3.399999,3.399999,3.333333
126,Lexi3,1,1391.265791,1400.282452,1415.749109,1431.615766,1457.915749,1472.299074,1487.399064,1506.565719,1525.232374,#N/A,forced,6,1,5,87.116612,87.116612,16.74582288,5.202289111,19.166655,19.166655,15.09999
127,Lexi3,2,0,1.616666144,13.28332904,23.81665897,31.63332311,50.6166503,62.0666466,86.64997199,#N/A,#N/A,forced,3,1,2,22.19999283,22.19999283,12.37856743,1.793421812,7.81666414,7.81666414,10.53332993
128,Lexi3,3,169.0332787,174.9332768,180.0166085,187.0832729,195.5666034,202.3999346,209.4499323,217.9332629,224.2999275,#N/A,forced,8,2,6,49.3666507,44.283319,6.9083311,7.145958986,#N/A,#N/A,6.3666646
129,Lexi3,4,322.5665624,330.4498932,338.083224,346.5665546,351.9665529,359.0665506,365.2165486,375.5665453,384.4332091,#N/A,self-ordered,6,3,3,34.7666554,18.649994,7.733330838,4.495689649,10.3499967,10.3499967,6.149998
130,Lexi3,5,472.9998471,481.2331778,487.3165091,498.1665056,504.4831703,510.4331683,516.7998329,524.4831638,530.7164951,#N/A,self-ordered,4,2,2,23.2499925,17.1666612,7.214581,3.222639333,5.949998,5.949998,6.3166647
131,Lexi3,6,621.849799,625.5164645,633.9164617,645.5997913,649.9997899,656.9664543,663.2997856,669.9664501,675.0997818,#N/A,self-ordered,5,2,3,31.4499898,23.0499926,6.65624785,4.724882623,6.3333313,6.3333313,6.9666644
132,Lilo3,1,407.9998293,416.4664924,431.5831528,448.6831456,467.1331379,486.6331297,497.4164586,505.7164551,513.8831183,#N/A,forced,4,2,2,50.6666455,35.5499851,13.23541113,3.828112706,19.4999918,19.4999918,18.4499923
133,Lilo3,4,967.5162619,974.9995921,980.0162567,989.2329195,995.182917,1005.382913,1014.332909,1019.249574,1024.749571,#N/A,self-ordered,8,1,7,49.7499789,49.7499789,7.154163638,6.953989512,#N/A,#N/A,5.499997
134,Lilo3,5,1197.266166,1205.266162,1214.032825,1223.382822,1230.099485,1240.482814,1254.666142,1266.082804,1272.116134,#N/A,self-ordered,6,4,2,49.39998,24.566657,9.356246,5.279893239,11.416662,11.416662,14.183328
135,Lilo3,6,1356.866099,1363.19943,1368.582761,1381.332755,1386.716087,1393.149417,1397.366082,1404.016079,1411.882743,#N/A,self-ordered,3,1,2,18.133325,18.133325,6.8770805,2.636776609,5.383332,5.383332,12.749994
136,Loki6,1,294.8666667,302.9666667,311.8166667,328.15,335.7833333,344.3166667,355.45,368.6333333,378.25,#N/A,forced,6,1,5,52.4833333,52.4833333,10.42291666,5.035378772,13.1833333,13.1833333,11.1333333
137,Loki6,2,463.7833333,464.5333333,475.6166667,484.9,492.5,502.0166667,512.9666667,522,535.85,#N/A,forced,5,1,4,37.4833334,37.4833334,9.008333338,4.160962078,10.95,10.95,9.5166667
138,Loki6,3,631.1833333,633.7833333,643.3333333,654.55,671.8666667,682.8166667,692.7166667,703.15,714.9,#N/A,forced,6,1,5,58.9333334,58.9333334,10.46458334,5.631694211,10.4333333,10.4333333,9.9
139,Loki6,4,809.5,815.45,821.9333333,830.0666667,838.9166667,846.7166667,859.7333333,871.5833333,882.5833333,#N/A,self-ordered,7,1,6,56.1333333,56.1333333,9.135416663,6.144583808,11,11,11.85
140,Loki6,5,963.2166667,972.55,983.25,990.5833333,996.1,1007.383333,1021.833333,1035.333333,1041.35,#N/A,self-ordered,5,1,4,34.833333,34.833333,9.766666662,3.566552868,14.45,14.45,11.283333
141,Loki6,6,1129.2,1135.916667,1150.2,1164.6,1172.916667,1181.416667,1196.5,1211.85,1223.55,#N/A,self-ordered,4,2,2,37,22.716667,11.79375,3.137254902,8.5,8.5,8.316667
142,Loki7,1,342.55,345.1833333,367.6166667,381.45,442.5666667,466.35,486.85,505.05,515.7333333,539.7833333,self-ordered,6,1,5,141.6666667,141.6666667,21.64791666,6.544124726,18.2,18.2,20.5
143,Loki7,2,646.25,646.9166667,651.9,667.7166667,676.5333333,684.4333333,697.1833333,706.05,715.0833333,#N/A,self-ordered,7,2,5,59.1333333,54.15,8.604166663,6.872639225,9.0333333,9.0333333,8.8666667
144,Loki7,3,799.2833333,800.2666667,806.6166667,813.2833333,821.5,829.0833333,837.1833333,844.55,850.2666667,#N/A,self-ordered,7,2,5,44.2833333,37.9333333,6.372916675,6.948676024,5.7166667,5.7166667,7.3666667
145,Loki7,4,1035.283333,1020.8,1029.1,1035.35,1040.166667,1044.85,1052.7,1058.216667,1064.733333,1070.7,forced,5,1,4,24.05,24.05,3.68125,6.533106961,7.85,7.85,4.683333
146,Loki7,5,1206.583333,1187.133333,1200.3,1209.616667,1214.2,1221.983333,1227.883333,1233.766667,1240.733333,1246.75,forced,5,1,4,34.85,34.85,4.26875,8.16398243,5.9,5.9,7.783333
147,Loki7,6,1366.15,1351.066667,1359.866667,1367.75,1372.716667,1376.7,1383.7,1388.85,#N/A,#N/A,forced,9,#N/A,#N/A,#N/A,#N/A,3.242857143,#N/A,#N/A,#N/A,#N/A
148,Lucy18,1,322.2,330.25,343.8833333,356.5,368.9333333,387.3166667,392.35,402.4,414.8666667,426.0333333,forced,3,2,1,26.25,12.6166667,11.58333334,2.26618705,12.4333333,12.4333333,12.6166667
149,Lucy18,2,553.6,558.2333333,570.5666667,586.4333333,598.7666667,608.45,615.0833333,621.8666667,629.85,#N/A,forced,5,1,4,50.2166667,50.2166667,9.53125,5.268633883,6.6333333,6.6333333,9.6833333
150,Lucy18,3,724.5833333,729.8166667,737.6666667,748.55,754.0333333,763.6666667,770.3166667,780.9833333,790.1333333,795.6666667,forced,7,2,5,51.1666666,43.3166666,8.19375,6.244596992,9.15,9.15,10.6666666
151,Lucy18,4,905.6,912.8833333,916.7333333,923.1,929.5333333,936.4,942.6,948.8,956.6333333,#N/A,self-ordered,8,1,7,43.75,43.75,6.379166663,6.858262578,#N/A,#N/A,7.8333333
152,Lucy18,5,1036.166667,1043.25,1049.216667,1053.35,1059.8,1068.4,1076.583333,1081.933333,1091.933333,1095.65,self-ordered,9,#N/A,#N/A,52.4,#N/A,6.97083325,7.517035356,#N/A,#N/A,#N/A
153,Lucy18,6,1174.85,1181.95,1188.25,1193.15,1199.033333,1205.35,1210.75,1214.966667,1226.733333,1233.3,self-ordered,9,#N/A,#N/A,51.35,#N/A,6.485416625,7.917764265,#N/A,#N/A,#N/A
154,Ludwig2,1,305.7166596,311.8333261,325.0666592,341.5333254,347.999992,358.1333251,367.8999915,377.5999913,395.2999909,401.8499907,forced,4,1,3,36.1666659,36.1666659,11.19791641,3.229767447,10.1333331,10.1333331,6.4666666
155,Ludwig2,2,496.9999885,504.4833217,517.749988,526.9999878,532.1666544,540.0833208,545.4666541,551.8499872,559.3499871,565.7333203,forced,5,2,3,35.5999991,22.3333328,7.793749825,4.567762617,5.3833333,5.3833333,7.9166664
156,Ludwig2,3,653.1999849,664.6666513,673.2833178,678.9499843,689.7999841,696.0166506,701.6999838,706.983317,712.9999835,721.86665,forced,6,2,4,37.0333325,28.416666,7.474999825,4.954292089,5.2833332,5.2833332,5.6833332
157,Ludwig2,4,831.7999808,836.6666473,841.5833139,847.6333137,853.3666469,863.9833134,870.1666466,876.8499797,883.2333129,#N/A,self-ordered,7,1,6,40.1833324,40.1833324,6.429166513,6.250162027,6.3833332,6.3833332,6.6833331
158,Ludwig2,5,977.8333107,985.2333106,990.1833104,996.1666436,1010.166643,1015.449977,1022.216643,1027.83331,1033.766643,#N/A,self-ordered,5,3,2,30.2166664,19.2833334,6.991666538,4.321811722,6.766666,6.766666,5.283334
159,Ludwig2,6,1125.033307,1132.599974,1137.51664,1142.599974,1148.86664,1154.899973,1160.683307,1166.383306,1172.033306,#N/A,self-ordered,6,1,5,28.083333,28.083333,5.874999875,4.780141889,5.699999,5.699999,5.783334
160,Mailo,1,360.6,368.3666667,378,393.3333333,404.7833333,416.7833333,424.7166667,437.4,448.6166667,#N/A,forced,3,1,2,24.9666666,24.9666666,11.00208334,2.269267177,11.45,11.45,15.3333333
161,Mailo,2,545.45,553.1,562.3333333,574.3,580.4833333,593.3333333,599.75,608.4833333,619.15,#N/A,forced,6,1,5,46.65,46.65,9.2125,5.063772049,8.7333333,8.7333333,6.4166667
162,Mailo,3,726.1666667,737.1,743.7166667,753.8333333,760.0166667,765.7833333,773.7166667,786.7666667,794.3333333,802.2666667,forced,4,2,2,22.9166667,16.3,8.520833325,2.689486559,5.7666666,5.7666666,6.1833334
163,Mailo,4,887.1166667,893.5333333,898.1833333,903.4666667,911.2333333,918.7166667,925.8166667,931.3166667,943.4833333,949.3,self-ordered,8,1,7,49.95,49.95,7.045833325,7.089296283,5.8166667,5.8166667,12.1666666
164,Mailo,5,1021.55,1031.45,1037.533333,1043.3,1048.5,1053.916667,1061.25,1068.083333,1077.283333,1082.65,self-ordered,8,1,7,45.833333,45.833333,6.966666625,6.57894736,5.366667,5.366667,9.2
165,Mailo,6,1159.416667,1169.066667,1174.233333,1179.55,1185.1,1190.7,1194.716667,1202.183333,1209,1215.633333,self-ordered,8,1,7,39.933333,39.933333,6.197916625,6.4430252,6.633333,6.633333,6.816667
166,Maro,2,0,2.016666667,17.88333333,32.3,43.8,53.91666667,#N/A,#N/A,#N/A,#N/A,forced,7,1,6,#N/A,#N/A,10.78333333,#N/A,#N/A,#N/A,#N/A
167,Maro,3,141.0666667,147.4333333,155.35,161.0666667,172.55,181.0833333,191.4666667,201.2833333,#N/A,#N/A,forced,4,1,3,25.1166667,25.1166667,8.602380943,2.9197343,8.5333333,8.5333333,11.4833333
168,Maro,4,290.0833333,306.4666667,311.5666667,325.75,335.7,343.6666667,352.55,360.5333333,375.4,#N/A,self-ordered,6,1,5,46.0833333,46.0833333,10.66458334,4.321156471,7.9833333,7.9833333,8.8833333
169,Maro,5,462.5333333,466.4166667,470.2333333,481.4833333,489.2,497.4,516.9166667,526.4166667,535.6,#N/A,self-ordered,6,1,5,50.5,50.5,9.133333338,5.529197078,9.5,9.5,19.5166667
170,Maro,6,616.3833333,620.75,628.0166667,634.25,640.2333333,650.75,659.2666667,666.8,677.4666667,#N/A,self-ordered,8,2,6,56.7166667,49.45,7.635416675,7.42810368,#N/A,#N/A,10.6666667
171,Maze,1,0,2.666666667,14.51666667,38.96666667,45.8,67.23333333,74.86666667,#N/A,#N/A,#N/A,forced,5,1,4,64.56666666,64.56666666,12.47777778,5.174532502,7.63333334,7.63333334,21.43333333
172,Maze,2,199.15,204.4,214.1833333,222.8166667,228.9333333,244.1166667,250.65,264.3333333,278.3,#N/A,forced,6,3,3,46.25,27.8333333,9.89375,4.674668351,13.6833333,13.6833333,6.5333333
173,Maze,3,393.65,396.0833333,405.3,415.7,419.45,428.3,442.0166667,458.9333333,468.5833333,#N/A,forced,7,3,4,62.85,43.2333333,9.366666663,6.709964416,9.65,9.65,16.9166666
174,Maze,4,571.1833333,574.3666667,579.0333333,586.55,592.3,598.6,605.6833333,611.55,#N/A,#N/A,self-ordered,7,2,5,37.1833333,32.5166667,5.766666671,6.447976868,#N/A,#N/A,5.8666667
175,Maze,5,692.5833333,699.1,703.7333333,709.4666667,717.5833333,723.0833333,732.25,738.15,745.1333333,750.45,self-ordered,6,2,4,33.15,28.5166667,6.56875,5.046622265,5.9,5.9,9.1666667
176,Maze,6,828.6666667,834.3,839.4,844.75,851.2333333,857.2166667,864.0833333,871.2833333,876.65,#N/A,self-ordered,6,2,4,29.7833333,24.6833333,5.997916663,4.965613058,7.2,7.2,6.8666666
177,Mazekeen,1,352.8666667,382.35,391.9833333,406.0333333,423.8666667,432.3,441.3166667,504.7333333,547.8333333,#N/A,forced,5,3,2,49.95,26.2666667,24.37083333,2.049581126,9.0166667,9.0166667,8.4333333
178,Mazekeen,2,688.6666667,713.8666667,722.5333333,735.9666667,783.1166667,809.4,856.6333333,866.05,875.7333333,#N/A,forced,4,2,2,69.25,60.5833334,23.38333333,2.961511049,26.2833333,26.2833333,47.15
179,Mazekeen,3,990.65,1006.716667,1015.833333,1027.233333,1037.4,1083.083333,1100.55,1113.75,1142.883333,#N/A,forced,3,1,2,20.516666,20.516666,19.02916663,1.078169444,10.166667,10.166667,11.4
180,Mazekeen,4,1248,1260.35,1289.583333,1295.316667,1309.483333,1320.216667,1332.216667,1339.8,1347.583333,#N/A,self-ordered,8,5,3,87.233333,27.366666,12.44791663,7.007866105,#N/A,#N/A,7.783333
181,Mazekeen,5,1454.883333,1467.05,1471.533333,1476.35,1483.533333,1494.166667,1499.333333,1507.1,1514.6,#N/A,self-ordered,7,4,3,40.05,23.566667,7.464583375,5.36533628,7.5,7.5,7.766667
182,Mazekeen,6,1596,1608.983333,1614.25,1622.05,1628.783333,1669.816667,1679.233333,1695.966667,1701.616667,#N/A,self-ordered,5,3,2,60.833334,47.766667,13.20208338,4.607858644,9.416666,9.416666,41.033334
183,Meo,1,0,10.0666587,23.96664769,38.04996988,#N/A,#N/A,#N/A,#N/A,#N/A,#N/A,forced,3,1,2,27.98331118,27.98331118,12.68332329,2.20630749,#N/A,#N/A,14.08332219
184,Meo,2,110.8332456,117.7332401,123.4832356,130.7332298,139.8332226,152.7332124,161.3998722,172.7498632,181.2665232,#N/A,forced,4,2,2,22.0999825,16.349987,8.8041597,2.510175105,12.8999898,12.8999898,9.0999928
185,Meo,3,253.3664661,259.8497943,265.5497898,273.1164504,283.9831085,290.0497704,300.1497624,310.749754,318.0164149,#N/A,forced,5,1,4,30.1999761,30.1999761,8.0812436,3.737045632,10.099992,10.099992,6.0666619
186,Meo,4,449.3496443,455.8496391,463.0329668,469.2662952,476.1662897,495.4829411,502.7329353,545.6662347,553.7995616,#N/A,self-ordered,3,1,2,13.4166561,13.4166561,13.05623966,1.027604919,6.8999945,6.8999945,6.2333284
187,Meo,5,633.2494987,642.1661583,646.6494881,652.7828165,659.6661444,666.9328053,675.5161319,682.4327931,700.5161121,#N/A,self-ordered,4,2,2,17.4999861,13.0166563,8.408326675,2.081268578,7.2666609,7.2666609,6.8833279
188,Meo,6,776.0160523,783.4827131,788.5993757,795.0827039,801.3660322,807.8326938,816.76602,828.2660109,834.9993389,841.5826671,self-ordered,5,3,2,24.3499807,12.7499899,7.372910825,3.30262786,8.9333262,8.9333262,6.4666616
189,Monty,1,347.3331501,361.4331427,377.983134,387.333129,394.6164585,404.6331199,410.5331168,425.1997757,433.4497714,#N/A,self-ordered,7,1,6,63.766633,63.766633,10.76457766,5.923746848,8.2499957,8.2499957,14.6666589
190,Monty,2,527.9663882,540.5330482,544.4663795,553.1830415,560.8830375,574.499697,579.3496944,586.5163573,591.7996878,599.3496839,self-ordered,9,#N/A,#N/A,58.8166357,#N/A,7.97916245,7.371279388,#N/A,#N/A,#N/A
191,Monty,3,698.332965,709.3829591,713.0162906,718.2829544,723.1662852,731.8662806,736.866278,741.4329422,746.2329397,#N/A,self-ordered,7,1,6,32.0499831,32.0499831,5.987496838,5.352818376,4.7999975,4.7999975,4.5666642
192,Monty,4,866.1995431,873.4495393,885.3328663,895.3161944,899.8995253,906.3995219,914.966184,920.3495145,925.4328452,930.6495091,forced,4,1,3,26.449986,26.449986,7.404162762,3.57231288,6.4999966,6.4999966,4.5833309
193,Monty,5,1014.849465,1019.732795,1027.132792,1037.982786,1042.94945,1047.649447,1054.016111,1059.866108,1064.966105,1069.382769,forced,8,2,6,45.23331,37.833313,6.26458,7.220485651,4.416664,4.416664,5.099997
194,Monty,6,1160.666054,1170.832716,1176.799379,1186.332708,1190.549372,1195.066036,1200.3327,1205.332698,1211.249361,1216.032692,forced,8,3,5,40.416645,24.916653,6.322913375,6.392092158,4.783331,4.783331,5.916663
195,Moon2,1,730.3997243,803.0330302,814.1163593,827.6663542,841.2330157,853.6163444,861.5496747,872.5996706,886.0329988,#N/A,self-ordered,7,2,5,69.5666404,58.4833113,19.45415931,3.575926324,13.4333282,13.4333282,11.0499959
196,Moon2,2,997.0996236,998.1329565,1004.032954,1010.282952,1016.316283,1026.732946,1038.232941,1044.699606,1054.666268,#N/A,self-ordered,4,1,3,18.1833265,18.1833265,7.19583055,2.526925332,10.416663,10.416663,6.033331
197,Moon2,3,1167.399559,1168.666225,1172.682891,1178.899555,1185.849552,1194.032883,1201.766213,1207.699544,1214.499541,#N/A,self-ordered,7,1,6,39.033319,39.033319,5.88749775,6.629865633,6.799997,6.799997,5.933331
198,Moon2,4,1395.46614,1223.149538,1374.749481,1383.749478,1397.582806,1401.449471,1406.749469,1412.649467,1417.649465,1424.382796,forced,7,2,5,189.499929,37.899986,2.772915625,68.33959436,4.999998,4.999998,5.899998
199,Moon2,5,1562.566077,1430.74946,1539.399419,1546.516083,1562.566077,1567.999408,1572.63274,1579.349404,1584.582735,1590.032733,forced,7,1,6,148.599944,148.599944,2.75208225,53.99545889,5.233331,5.233331,6.716664
200,Moon2,6,1708.599355,1595.499398,1690.349362,1696.282693,1709.782688,1713.682686,1718.482685,1726.632681,1733.599346,1737.966011,forced,4,1,3,114.28329,114.28329,3.124998875,36.57066597,3.899998,3.899998,13.499995
201,Nala13,1,295.166463,308.8164536,323.0497771,339.2497659,349.9330919,366.5664137,381.9497364,390.8330636,404.0497212,#N/A,self-ordered,6,2,4,73.1332828,58.8999593,13.61040728,5.373335369,8.8833272,8.8833272,15.3833227
202,Nala13,2,487.8163301,498.6663226,502.9996529,510.7996475,520.7496407,529.3163014,535.6162971,546.6329561,556.5996159,561.5496125,self-ordered,4,2,2,22.0833181,17.7499878,8.597910725,2.568451663,8.5666607,8.5666607,9.9499932
203,Nala13,3,640.1995582,648.5995524,652.4662164,657.516213,665.199541,670.8328704,675.6828671,680.7328636,685.5495269,689.6995241,self-ordered,6,1,5,27.0833147,27.0833147,5.668746088,4.777655284,5.0499965,5.0499965,4.8499967
204,Nala13,4,797.5494497,801.7327801,806.3827769,819.9161009,823.9494314,828.6160949,833.2327584,837.5160887,841.5994193,846.3327493,forced,7,1,6,35.7833086,35.7833086,5.5062462,6.49867574,4.0833306,4.0833306,4.2833303
205,Nala13,5,929.6660252,934.8660216,938.132686,950.2660109,953.9660084,958.1493388,961.6993364,966.2993332,970.8826634,976.2826597,forced,4,1,3,19.0999868,19.0999868,5.152079775,3.707238171,4.1833304,4.1833304,3.6999975
206,Nala13,6,1087.565916,1090.899247,1096.982576,1108.165902,1112.132566,1115.49923,1120.015894,1124.515891,1128.482555,1132.699218,forced,8,2,6,37.583308,31.499979,5.114579875,7.348268855,4.216663,4.216663,3.966664
207,Nele4,1,306.6498249,314.1331539,327.2331464,340.7164721,363.9164588,375.233119,384.3331138,389.1497777,398.1331059,#N/A,self-ordered,4,1,3,49.7833049,49.7833049,11.43541013,4.353434145,11.3166602,11.3166602,23.1999867
208,Nele4,2,500.2663809,513.1663736,523.1330346,534.583028,539.3663586,544.449689,550.433019,557.0663485,561.2496795,#N/A,self-ordered,5,1,4,31.2833154,31.2833154,7.622912325,4.103853497,5.98333,5.98333,5.0833304
209,Nele4,3,660.7829559,667.9996185,675.1496144,689.4329396,694.6496033,700.0329335,706.23293,711.7995935,719.3329225,724.8662527,self-ordered,5,1,4,32.033315,32.033315,7.318745825,4.376885844,6.1999965,6.1999965,5.3833302
210,Nele4,4,815.7328674,827.566194,833.5328573,839.1661874,843.0995185,849.0661817,851.0328473,858.1495099,866.3495052,872.5495017,forced,9,#N/A,#N/A,44.9833077,#N/A,6.327079725,7.109647682,#N/A,#N/A,#N/A
211,Nele4,5,960.5494514,973.2161108,978.0994414,981.0161064,988.2494356,991.632767,997.3494304,1003.799427,1008.299424,1013.466088,forced,6,2,4,24.1333196,19.249989,5.968746575,4.043280997,6.4499966,6.4499966,5.7166634
212,Nele4,6,1107.216034,1120.416027,1127.432689,1131.482687,1135.582685,1143.83268,1148.666011,1153.249341,1155.282674,1162.316003,forced,9,#N/A,#N/A,41.899976,#N/A,6.00833,6.973647586,#N/A,#N/A,#N/A
213,Oscar2,1,344.1165235,382.8665073,402.5498325,413.7498278,426.233156,433.5331529,443.6831487,453.7331445,459.4164755,#N/A,self-ordered,9,#N/A,#N/A,#N/A,#N/A,14.412494,#N/A,#N/A,#N/A,#N/A
214,Oscar2,3,740.1830253,755.8496855,760.0163504,765.1663483,770.6330127,773.6330114,783.6996739,797.9830013,804.4996652,#N/A,self-ordered,7,4,3,42.1333158,27.3499886,8.039579987,5.240735942,6.5166639,6.5166639,14.2833274
215,Oscar2,4,992.0662538,1003.199583,1012.549579,1024.599574,1033.432903,1039.582901,1043.032899,1047.549564,#N/A,#N/A,forced,7,3,4,44.349981,22.94999,7.926187171,5.595373922,#N/A,#N/A,4.516665
216,Oscar2,5,1250.39948,1280.199467,1292.732795,1302.949458,1307.249456,1312.732787,1319.432784,1323.849449,1327.932781,1337.099444,forced,8,4,4,47.733314,20.683325,9.691662625,4.925193524,9.166663,9.166663,4.083332
217,Oscar2,6,1491.649379,1498.249377,1509.766038,1519.866034,1527.166031,1532.349362,1539.499359,1544.066024,1557.766018,1564.982682,forced,7,2,5,45.816647,34.299986,8.264579875,5.543735761,13.699994,13.699994,4.566665
218,Pinky2,1,430.8666667,442.35,466.55,477.0666667,490.95,502.0666667,523.3166667,533.7333333,542.9833333,#N/A,self-ordered,3,1,2,34.7166667,34.7166667,14.01458333,2.477181511,13.8833333,13.8833333,10.5166667
219,Pinky2,2,623.3833333,632.4833333,640.8833333,650.45,659.7833333,674.3,685.9166667,698.0166667,708.05,#N/A,self-ordered,4,2,2,27.3,18.9,10.58333334,2.579527558,14.5166667,14.5166667,9.3333333
220,Pinky2,3,816.5666667,827.8666667,835.5666667,845.8166667,866.4666667,880.45,895.0166667,908.35,917.2833333,#N/A,self-ordered,4,2,2,38.6,30.9,12.58958333,3.06602681,13.9833333,13.9833333,20.65
221,Pinky2,4,1017.816667,1031.1,1041.766667,1056.266667,1076.416667,1084.9,1101.366667,1116.616667,1138.766667,#N/A,forced,8,1,7,107.666667,107.666667,15.11875,7.12140005,#N/A,#N/A,22.15
222,Pinky2,5,1271.8,1284.783333,1295.05,1309.6,1336.616667,1345.466667,1363.866667,1375.4,1389.066667,#N/A,forced,6,2,4,79.083334,68.816667,14.65833338,5.395110889,11.533333,11.533333,18.4
223,Pinky2,6,1483.516667,1496.133333,1506.9,1522.783333,1530.666667,1545.05,1555.316667,1566.816667,1580.6,1593.183333,forced,7,2,5,70.683334,59.916667,12.13541663,5.824549431,13.783333,13.783333,11.5
224,Poca,1,348.2830917,354.9330871,366.7997456,382.0164017,398.9997232,411.3997146,424.8830386,437.5663631,452.2496863,#N/A,forced,4,1,3,44.0666361,44.0666361,12.99582433,3.390830393,12.3999914,12.3999914,16.9833215
225,Poca,3,868.5493975,884.4493865,893.1660471,905.0160389,910.6993683,916.2160311,925.3160248,931.2826873,939.6326815,#N/A,forced,4,1,3,26.2499818,26.2499818,8.8854105,2.954279017,5.5166628,5.5166628,5.6833294
226,Poca,4,1029.349286,1038.832613,1043.665943,1048.915939,1056.8826,1062.432596,1072.799256,1079.532584,1091.682576,1097.932572,self-ordered,5,1,4,23.599983,23.599983,7.79166125,3.028876929,10.36666,10.36666,5.549996
227,Poca,5,1186.049177,1197.282503,1202.182499,1206.849163,1212.799159,1217.749155,1222.315819,1239.365807,1246.899135,#N/A,self-ordered,8,1,7,49.616632,49.616632,7.60624475,6.523144289,#N/A,#N/A,7.533328
228,Poca,6,1327.349079,1337.182406,1341.665736,1347.199065,1353.299061,1358.982391,1365.815719,1378.949043,1393.1657,1400.415695,self-ordered,6,1,5,28.633313,28.633313,8.227077625,3.480374722,13.133324,13.133324,6.833328
229,Quintus,1,240.266476,246.8164708,257.1164626,271.5664511,280.0164444,290.7997692,297.1830975,303.8997588,309.033088,314.94975,forced,9,#N/A,#N/A,68.1332792,#N/A,8.5958265,7.926320895,#N/A,#N/A,#N/A
230,Quintus,2,449.5163099,452.7829739,458.3996362,469.9829603,473.9662905,479.8829524,486.5496138,491.6329431,496.6662725,501.399602,forced,7,3,4,38.8499692,21.6499828,5.893745325,6.591728529,5.0333294,5.0333294,5.0833293
231,Quintus,3,596.4661932,603.8995207,612.0995142,624.4828377,628.9995007,633.7828303,638.0828269,644.4828218,656.3161457,#N/A,forced,5,1,4,29.8833096,29.8833096,7.481244063,3.994430519,4.2999966,4.2999966,4.7833296
232,Quintus,4,750.5994042,755.2494005,759.8993969,762.7660612,766.6160582,773.2993862,778.7160486,782.7993787,789.6493732,794.566036,self-ordered,5,1,4,18.0499857,18.0499857,4.881246125,3.697823309,5.4166624,5.4166624,6.683328
233,Quintus,5,871.4993083,876.7993041,879.9993015,886.5326297,890.1159602,895.9326222,900.5326186,906.5326138,912.8659421,#N/A,self-ordered,6,1,5,23.7333145,23.7333145,5.170829225,4.589846902,5.9999952,5.9999952,4.5999964
234,Quintus,6,1011.565864,1017.332526,1019.99919,1026.549185,1031.865848,1036.88251,1043.865838,1054.36583,1060.782491,1065.449154,self-ordered,4,1,3,14.533322,14.533322,6.152078375,2.362343441,5.016662,5.016662,5.316663
235,Reni,1,300.4333333,308.55,326.2,344.5833333,361.6833333,389.2166667,403.0166667,419.5166667,438.0333333,#N/A,forced,9,#N/A,#N/A,#N/A,#N/A,17.2,#N/A,#N/A,#N/A,#N/A
236,Reni,2,551.5333333,562.35,571.3,582.5666667,608.5166667,615.85,639.7666667,648.2,656.9833333,#N/A,forced,6,1,5,77.4166667,77.4166667,13.18125,5.873241665,8.4333333,8.4333333,23.9166667
237,Reni,3,738.85,750.4833333,756.7833333,769.0333333,776.2166667,791.7833333,804.7,816.7833333,838.1833333,#N/A,forced,7,2,5,66.3,60,12.41666666,5.339597317,21.4,21.4,12.0833333
238,Reni,4,920.7,929.8666667,937.25,943.3166667,952.55,960.3,968.5166667,977.8833333,987.4166667,#N/A,self-ordered,9,#N/A,#N/A,#N/A,#N/A,8.339583337,#N/A,#N/A,#N/A,#N/A
239,Reni,5,1065.15,1076.283333,1082.133333,1089.533333,1101.95,1109.016667,1116.2,1125.15,1133.7,#N/A,self-ordered,5,2,3,32.733334,26.883334,8.56875,3.820082743,7.183333,7.183333,7.066667
240,Reni,6,1213.95,1229.3,1235.4,1241.966667,1250.2,1267.283333,1274.383333,1280.483333,1289.233333,1296.35,self-ordered,7,5,2,51.183333,13.2,9.410416625,5.43900818,8.75,8.75,6.1
241,Robby,1,325.9664895,340.399815,346.5998116,355.7664733,362.1998032,371.2331316,385.6664571,395.3331185,405.4997796,412.9997756,self-ordered,3,1,2,15.3666583,15.3666583,9.941661263,1.54568315,6.4333299,6.4333299,9.1666617
242,Robby,2,518.2830517,530.3163785,534.3163763,545.2163704,556.7996974,560.9830285,567.5330249,573.3330218,582.3496835,#N/A,self-ordered,3,1,2,14.8999919,14.8999919,8.008328975,1.860561916,11.583327,11.583327,10.8999941
243,Robby,3,669.3663029,682.7662956,685.5496274,690.4829581,696.0496217,700.8662858,705.8162831,711.8162798,717.3662768,724.0996065,self-ordered,9,#N/A,#N/A,41.3333109,#N/A,5.999996738,6.888888896,#N/A,#N/A,#N/A
244,Robby,4,851.7495371,864.1495304,870.4328603,879.8328552,884.4328527,888.066184,892.6328482,896.7995126,900.3995107,904.2995086,forced,7,2,5,32.6499822,26.3666523,6.0812467,5.36896196,3.5999981,3.5999981,4.1666644
245,Robby,5,1011.14945,1019.532779,1027.682775,1035.316104,1039.032769,1043.649433,1048.632763,1052.649428,1058.482758,1064.699421,forced,9,#N/A,#N/A,45.166642,#N/A,5.9166635,7.633802734,#N/A,#N/A,#N/A
246,Robby,6,1153.699373,1164.499367,1173.032696,1178.182693,1182.132691,1186.666022,1192.482685,1198.166016,1206.816011,1213.59934,forced,8,1,7,42.316644,42.316644,6.63957975,6.37339193,6.783329,6.783329,8.649995
247,Sepp,1,248.1666667,257.5,267.3166667,283.2166667,296.6,306.8166667,319.4333333,335.8,342.3333333,#N/A,self-ordered,4,1,3,39.1,39.1,11.77083333,3.321769914,10.2166667,10.2166667,13.3833333
248,Sepp,2,428.4333333,435.6,438.95,442.3166667,447.4333333,454.5,459.05,463.2166667,467.6333333,#N/A,self-ordered,5,1,4,18.9,18.9,4.9,3.857142857,4.55,4.55,7.0666667
249,Sepp,3,557.9666667,569.3333333,572.7666667,576.55,580.9,586.6666667,591.15,595.2833333,599.3666667,603.7333333,self-ordered,4,2,2,11.5666667,8.1333333,5.175,2.235104676,5.7666667,5.7666667,4.35
250,Sepp,4,757.15,768.4,775.0166667,785.0166667,791.45,796.0333333,801.0833333,808,813.3,821.75,forced,7,4,3,39.6,16.55,7.01875,5.642030276,5.3,5.3,6.9166667
251,Sepp,5,915.7333333,925.4333333,936.5833333,945.65,949.6166667,953.7333333,957.65,961.7333333,967.6833333,#N/A,forced,6,3,3,32.2166667,12,6.49375,4.961180628,4.0833333,4.0833333,3.9166667
252,Sepp,6,1098.466667,1105.483333,1112.716667,1122.583333,1126.35,1129.966667,1134.45,1137.533333,1143.783333,1147.216667,forced,6,2,4,28.966667,21.733333,5.66458325,5.113644856,3.083333,3.083333,4.483333
253,Tenya,1,323.4664856,335.1498124,346.9498058,359.2997989,366.7997947,374.7331236,389.9997817,404.0664405,415.2164343,#N/A,forced,9,#N/A,#N/A,#N/A,#N/A,11.46874359,#N/A,#N/A,#N/A,#N/A
254,Tenya,2,512.749713,522.9330407,533.2163682,538.8663651,549.4330258,556.2996886,563.2996847,573.8663455,585.466339,#N/A,forced,6,1,5,40.366644,40.366644,9.08957825,4.440980966,10.5666608,10.5666608,6.9999961
255,Tenya,3,676.6329546,682.1329515,708.2329369,715.2162664,721.4662629,727.4829262,734.7495888,742.3162512,748.8329142,755.8829103,forced,7,2,5,60.1832997,34.0833143,9.02499495,6.668513393,6.516663,6.516663,7.5666624
256,Tenya,4,846.1995264,854.4328551,859.7161855,864.7328493,870.1661796,877.0495091,884.3661717,892.3995005,911.5661565,#N/A,self-ordered,9,#N/A,#N/A,#N/A,#N/A,8.170828763,#N/A,#N/A,#N/A,#N/A
257,Tenya,5,1005.849437,1014.566099,1019.216096,1024.13276,1030.232757,1035.566087,1040.849417,1047.166081,1053.49941,#N/A,self-ordered,5,2,3,20.999988,16.349991,5.956246625,3.525708273,5.28333,5.28333,5.33333
258,Tenya,6,1152.782688,1156.382686,1161.982683,1168.049346,1173.032677,1179.54934,1186.499336,1192.149333,1198.882662,1205.332659,self-ordered,7,5,2,35.766647,12.599993,5.76249675,6.206796906,6.733329,6.733329,5.649997
259,Teodor,1,260.95,272.3666667,291.2666667,308.3666667,317.35,331.5833333,344,361.7,371.7166667,#N/A,self-ordered,5,3,2,59.2166666,23.2166666,13.84583334,4.276858255,12.4166667,12.4166667,14.2333333
260,Teodor,2,469.8333333,479.2166667,485.9,492.9166667,498.6,507.7,517.3666667,524.4333333,530.3666667,#N/A,self-ordered,5,1,4,28.4833333,28.4833333,7.566666675,3.764317172,9.6666667,9.6666667,9.1
261,Teodor,3,630.1333333,638.8833333,645.8166667,654.15,660.1,677.6833333,687.1833333,697.9333333,707.5166667,#N/A,self-ordered,6,1,5,48.3,48.3,9.672916675,4.993323278,10.75,10.75,9.5
262,Teodor,4,837.2333333,842.3,856.1666667,869.2166667,883.0666667,890.9166667,907.0333333,915.75,924.0166667,#N/A,forced,4,1,3,40.7666667,40.7666667,10.84791668,3.758018053,7.85,7.85,13.85
263,Teodor,5,1039.583333,1054.266667,1064.983333,1082.3,1092.216667,1098.9,1106.783333,1114.033333,1121.1,#N/A,forced,7,1,6,59.766666,59.766666,10.18958338,5.865467095,7.066667,7.066667,7.25
264,Teodor,6,1217.016667,1220.466667,1235.116667,1249.35,1253.183333,1257.85,1264.45,1276.15,1283.783333,#N/A,forced,7,2,5,55.683333,41.033333,8.34583325,6.671992039,7.633333,7.633333,11.7
265,Timo2,1,332.3165731,340.5999041,351.1165678,364.8498973,378.5332268,387.5332242,401.6165536,425.116547,435.0332109,#N/A,forced,4,1,3,37.9333227,37.9333227,12.83957973,2.954405324,8.9999974,8.9999974,13.6833295
266,Timo2,2,523.4165193,533.8331831,541.9498474,551.2498448,558.5165094,565.3165075,579.9665034,587.1665014,596.1664988,604.3164965,forced,5,2,3,31.4833244,23.3666601,9.093747438,3.462084758,14.6499959,14.6499959,6.7999981
267,Timo2,3,704.1331351,710.2164667,718.0164645,724.749796,732.0331273,737.1997925,745.7997901,753.5497879,760.9497858,767.8831172,forced,7,5,2,43.3333212,16.3499954,7.102081338,6.101496046,7.3999979,7.3999979,7.7499978
268,Timo2,4,859.599758,866.2164228,871.483088,877.0330864,884.1664178,890.366416,897.0164142,911.6997434,920.5164075,#N/A,self-ordered,3,1,2,10.8166636,10.8166636,7.614581188,1.420519833,7.1333314,7.1333314,5.5499984
269,Timo2,5,997.066386,1002.083051,1007.28305,1012.916382,1019.283046,1026.599711,1033.349709,1041.849707,1049.099705,#N/A,self-ordered,5,1,4,24.51666,24.51666,6.504164875,3.769378617,6.749998,6.749998,7.316665
270,Timo2,6,1138.516346,1139.983012,1147.33301,1152.816342,1161.999673,1169.799671,1182.549667,1192.166331,1199.099662,1207.766327,self-ordered,5,1,4,29.816659,29.816659,7.5729145,3.937276593,12.749996,12.749996,7.799998
271,Tofu,1,397.13323,366.7499045,381.5665674,400.4832291,422.4165567,441.8165517,454.2998818,467.0165451,479.6665418,487.3998731,forced,4,2,2,55.6666522,40.8499893,10.31666398,5.395799682,19.399995,19.399995,21.9333276
272,Tofu,2,609.1998414,589.9831798,595.649845,608.9998415,617.0998394,621.5498382,628.0998365,633.2498352,639.4998336,#N/A,forced,5,3,2,31.5666584,12.5499967,3.787499025,8.334433406,6.5499983,6.5499983,4.4499988
273,Tofu,3,746.7164723,734.0664756,738.1498079,748.9164718,754.9498035,758.9998025,763.416468,769.6497997,776.2664646,781.28313,forced,7,2,5,35.5833241,31.4999918,3.693749038,9.633389745,6.6166649,6.6166649,6.2333317
274,Tofu,4,899.4997659,900.1997657,903.6497648,909.6830966,913.5997622,917.9497611,925.0664259,936.3497563,941.4164217,1032.416398,self-ordered,9,#N/A,#N/A,132.2166323,#N/A,5.239581975,25.23419481,#N/A,#N/A,#N/A
275,Tofu,5,1032.416398,1035.733064,1040.099729,1044.066395,1049.049727,1056.966392,1063.41639,1068.883055,1192.266356,#N/A,self-ordered,9,#N/A,#N/A,#N/A,#N/A,19.98124475,#N/A,#N/A,#N/A,#N/A
276,Tofu,6,1192.266356,1195.866355,1200.483021,1205.18302,1209.366352,1214.616351,1220.666349,1226.183014,#N/A,#N/A,self-ordered,8,1,7,#N/A,#N/A,4.845236857,#N/A,#N/A,#N/A,#N/A
277,Twix,1,420.2833333,427.55,437.4166667,446.0833333,456.8833333,467.5833333,481.3333333,491.5333333,501.4666667,#N/A,self-ordered,7,1,6,63.9833333,63.9833333,10.14791668,6.305070819,9.9333334,9.9333334,10.2
278,Twix,2,599.8166667,605.75,614,621.2166667,629.3833333,641.6833333,654.1,663.5,672.1333333,#N/A,self-ordered,9,#N/A,#N/A,#N/A,#N/A,9.039583325,#N/A,#N/A,#N/A,#N/A
279,Twix,3,787.0333333,788.55,801.55,808.5,819.7166667,829.0166667,839.8666667,854.3166667,873.1666667,#N/A,self-ordered,5,1,4,40.4666667,40.4666667,10.76666668,3.758513932,10.85,10.85,9.3
280,Twix,4,1031.466667,1034.783333,1043.133333,1058.9,1070.733333,1078.033333,1086.65,1097.15,1114.183333,#N/A,forced,7,2,5,62.366667,54.016667,10.33958325,6.031835664,17.033333,17.033333,10.5
281,Twix,5,1223.116667,1227.983333,1235.8,1249.333333,1262.516667,1269.166667,1288.216667,1330.783333,1347.516667,#N/A,forced,3,1,2,21.35,21.35,15.55,1.372990354,13.183334,13.183334,13.533333
282,Twix,6,1491.216667,1496.016667,1504.3,1520.733333,1531.483333,1537.166667,1546.116667,1555.75,1563.983333,1572.316667,forced,4,2,2,35.466666,27.183333,9.09583325,3.899221218,5.683334,5.683334,10.75
283,Vivi,2,480.4666667,493.7166667,512.7666667,522.6333333,537.6833333,551.4,578.5333333,592.3666667,690.05,#N/A,self-ordered,8,1,7,196.3333333,196.3333333,26.19791666,7.494234592,#N/A,#N/A,97.6833333
284,Vivi,3,793.95,807.3166667,817.5333333,832.1833333,841.95,859.5,871.5,922.2166667,#N/A,#N/A,self-ordered,7,5,2,114.9,62.7166667,18.32380953,6.270530144,#N/A,#N/A,50.7166667
285,Vivi,4,1144.116667,1149.966667,1159.966667,1177.8,1187.183333,1198.783333,1215.816667,1246.85,1265.05,#N/A,forced,7,2,5,96.883333,86.883333,15.11666663,6.409040789,18.2,18.2,31.033333
286,Vivi,5,1366.15,1378.066667,1387.316667,1401.633333,1412.433333,1433.366667,1447.1,1463.1,1479.25,#N/A,forced,6,2,4,69.033333,59.783333,14.1375,4.882994377,16,16,13.733333
287,Vivi,6,1583.983333,1590.016667,1602.816667,1618.066667,1627.15,1637.533333,1641.816667,1660.816667,1721.85,#N/A,forced,5,2,3,47.516666,34.716666,17.23333338,2.75725334,4.283334,4.283334,10.383333
288,Zira,1,214.8,227.2833333,241.0333333,258.0833333,280.7333333,293.2666667,304.6833333,311.9166667,317.9333333,326.9166667,forced,3,1,2,30.8,30.8,12.89166666,2.389140272,22.65,22.65,17.05
289,Zira,2,442.9833333,453.3166667,459.05,468,477.8,483.1166667,488.3833333,499.5333333,507.2333333,512.3833333,forced,7,2,5,46.2166666,40.4833333,8.03125,5.754604402,7.7,7.7,11.15
290,Zira,3,624.15,639.2333333,650.85,656.8,664.6166667,673.9666667,679.1333333,683.0833333,692.0333333,#N/A,forced,5,1,4,34.7333334,34.7333334,8.485416663,4.093297334,5.1666666,5.1666666,9.35
291,Zira,4,828.6333333,842.2,851.2333333,858.25,862.6833333,868.5833333,872.8333333,878.4333333,883.5,887.4,self-ordered,5,1,4,26.3833333,26.3833333,6.858333338,3.846901572,4.25,4.25,5.9
292,Zira,5,971.4333333,977.6,987.2666667,999.7666667,1004.783333,1008.383333,1014.4,1019.2,1024.55,1030.033333,self-ordered,4,2,2,27.183333,17.5166663,6.639583338,4.09413236,3.6,3.6,5.0166663
293,Zira,6,1132.55,1135.683333,1142.383333,1158.916667,1162.733333,1166.7,1172.816667,1190.533333,1194.866667,1199.8,self-ordered,8,4,4,59.183334,32.133334,7.789583375,7.597753455,4.933333,4.933333,4.333334
294,Zuzu,1,308.1498254,314.6164884,326.5331483,343.4498054,349.2998021,366.8664588,379.3331184,391.749778,400.5831063,424.2164263,forced,5,1,4,52.2499704,52.2499704,11.55416011,4.52217815,12.4666596,12.4666596,17.5666567
295,Zuzu,2,523.5497033,527.9663675,535.5996965,546.566357,554.7163523,564.8996799,581.9496702,596.7496619,606.8663228,#N/A,forced,6,3,3,53.9833027,35.3833132,10.41457744,5.18343668,14.7999917,14.7999917,17.0499903
296,Zuzu,3,698.5662708,704.9496005,714.5495951,726.3162551,738.7329147,750.2662415,757.1662376,763.4995674,772.6328955,#N/A,forced,7,3,4,58.5499669,37.1833123,9.258328088,6.324032411,9.1333281,9.1333281,6.3333298
297,Zuzu,4,859.3828464,868.5328412,873.2661718,877.9328359,885.6994981,893.4328271,931.8661386,945.5327976,951.8161273,#N/A,self-ordered,7,4,3,76.9999564,59.8332995,11.55416011,6.664262538,6.2833297,6.2833297,13.666659
298,Zuzu,5,1025.299419,1033.932747,1037.649412,1043.732742,1050.832738,1056.816068,1064.016064,1070.749393,1082.016054,#N/A,self-ordered,8,2,6,48.083307,44.366642,7.089579375,6.782251027,#N/A,#N/A,11.266661
299,Zuzu,6,1159.31601,1166.799339,1171.099336,1174.599334,1182.765996,1188.449327,1195.715989,1200.532653,1208.915982,#N/A,self-ordered,8,2,6,42.116643,37.816646,6.1999965,6.79301077,#N/A,#N/A,8.383329
